id;tag;abschnitt;status;severity;aufwand;evidenz;befund_kurz;bericht
PRI-01;? (v2);01;N/P;–;–;`/home/runner/work/Reticora-CMDB/Reticora-CMDB/docs/spec/katalog-v3/00-grundlagen.md:78`;"Nur „unverändert aus v2“; Originalanforderung fehlt.";/home/runner/work/Reticora-CMDB/Reticora-CMDB/docs/audit/01-installation-stack.md:32
PRI-02;? (v2);01;N/P;–;–;`/home/runner/work/Reticora-CMDB/Reticora-CMDB/docs/spec/katalog-v3/00-grundlagen.md:78`;"Nur v2-Verweis; Originalanforderung fehlt.";/home/runner/work/Reticora-CMDB/Reticora-CMDB/docs/audit/01-installation-stack.md:33
PRI-03;? (v2);01;N/P;–;–;`/home/runner/work/Reticora-CMDB/Reticora-CMDB/docs/spec/katalog-v3/00-grundlagen.md:78`;"Nur v2-Verweis; Originalanforderung fehlt.";/home/runner/work/Reticora-CMDB/Reticora-CMDB/docs/audit/01-installation-stack.md:34
PRI-04;? (v2);01;N/P;–;–;`/home/runner/work/Reticora-CMDB/Reticora-CMDB/docs/spec/katalog-v3/00-grundlagen.md:78`;"Nur v2-Verweis; Originalanforderung fehlt.";/home/runner/work/Reticora-CMDB/Reticora-CMDB/docs/audit/01-installation-stack.md:35
PRI-05;? (v2);01;N/P;–;–;`/home/runner/work/Reticora-CMDB/Reticora-CMDB/docs/spec/katalog-v3/00-grundlagen.md:78`;"Nur v2-Verweis; Originalanforderung fehlt.";/home/runner/work/Reticora-CMDB/Reticora-CMDB/docs/audit/01-installation-stack.md:36
PRI-06;? (v2);01;N/P;–;–;`/home/runner/work/Reticora-CMDB/Reticora-CMDB/docs/spec/katalog-v3/00-grundlagen.md:78`;"Nur v2-Verweis; Originalanforderung fehlt.";/home/runner/work/Reticora-CMDB/Reticora-CMDB/docs/audit/01-installation-stack.md:37
PRI-08;? (v2);01;N/P;–;–;`/home/runner/work/Reticora-CMDB/Reticora-CMDB/docs/spec/katalog-v3/00-grundlagen.md:78`;"Nur v2-Verweis; Originalanforderung fehlt.";/home/runner/work/Reticora-CMDB/Reticora-CMDB/docs/audit/01-installation-stack.md:38
PRI-09;? (v2);01;N/P;–;–;`/home/runner/work/Reticora-CMDB/Reticora-CMDB/docs/spec/katalog-v3/00-grundlagen.md:78`;"Nur v2-Verweis; Originalanforderung fehlt.";/home/runner/work/Reticora-CMDB/Reticora-CMDB/docs/audit/01-installation-stack.md:39
PRI-11;[B];01;PARTIAL;Medium;L;"`/home/runner/work/Reticora-CMDB/Reticora-CMDB/README.md:20`; `/home/runner/work/Reticora-CMDB/Reticora-CMDB/install.sh:230–234`; `/home/runner/work/Reticora-CMDB/Reticora-CMDB/deploy/terraform/main.tf:3–24`";"Referenzmodell und separater On-Prem-Collector sind beschrieben/angelegt; nachgewiesener EU-/Dedicated-Betrieb fehlt. Kein Beleg für Nicht-EU-Hosting, optionales Air-Gap wird nicht negativ gegatet.";/home/runner/work/Reticora-CMDB/Reticora-CMDB/docs/audit/01-installation-stack.md:40
GLO-01;? (v2);01;N/P;–;–;`/home/runner/work/Reticora-CMDB/Reticora-CMDB/docs/spec/katalog-v3/00-grundlagen.md:97`;"Nur „unverändert“; v2-Wortlaut fehlt.";/home/runner/work/Reticora-CMDB/Reticora-CMDB/docs/audit/01-installation-stack.md:41
GLO-02;? (v2);01;N/P;–;–;`/home/runner/work/Reticora-CMDB/Reticora-CMDB/docs/spec/katalog-v3/00-grundlagen.md:97`;v2-Wortlaut fehlt.;/home/runner/work/Reticora-CMDB/Reticora-CMDB/docs/audit/01-installation-stack.md:42
GLO-03;? (v2);01;N/P;–;–;`/home/runner/work/Reticora-CMDB/Reticora-CMDB/docs/spec/katalog-v3/00-grundlagen.md:97`;v2-Wortlaut fehlt.;/home/runner/work/Reticora-CMDB/Reticora-CMDB/docs/audit/01-installation-stack.md:43
GLO-04;? (v2);01;N/P;–;–;`/home/runner/work/Reticora-CMDB/Reticora-CMDB/docs/spec/katalog-v3/00-grundlagen.md:97`;v2-Wortlaut fehlt.;/home/runner/work/Reticora-CMDB/Reticora-CMDB/docs/audit/01-installation-stack.md:44
GLO-05;? (v2);01;N/P;–;–;`/home/runner/work/Reticora-CMDB/Reticora-CMDB/docs/spec/katalog-v3/00-grundlagen.md:97`;v2-Wortlaut fehlt.;/home/runner/work/Reticora-CMDB/Reticora-CMDB/docs/audit/01-installation-stack.md:45
GLO-06;? (v2);01;N/P;–;–;`/home/runner/work/Reticora-CMDB/Reticora-CMDB/docs/spec/katalog-v3/00-grundlagen.md:97`;v2-Wortlaut fehlt.;/home/runner/work/Reticora-CMDB/Reticora-CMDB/docs/audit/01-installation-stack.md:46
GLO-07;? (v2);01;N/P;–;–;`/home/runner/work/Reticora-CMDB/Reticora-CMDB/docs/spec/katalog-v3/00-grundlagen.md:97`;v2-Wortlaut fehlt.;/home/runner/work/Reticora-CMDB/Reticora-CMDB/docs/audit/01-installation-stack.md:47
GLO-08;? (v2);01;N/P;–;–;`/home/runner/work/Reticora-CMDB/Reticora-CMDB/docs/spec/katalog-v3/00-grundlagen.md:97`;v2-Wortlaut fehlt.;/home/runner/work/Reticora-CMDB/Reticora-CMDB/docs/audit/01-installation-stack.md:48
GLO-09;? (v2);01;N/P;–;–;`/home/runner/work/Reticora-CMDB/Reticora-CMDB/docs/spec/katalog-v3/00-grundlagen.md:97`;v2-Wortlaut fehlt.;/home/runner/work/Reticora-CMDB/Reticora-CMDB/docs/audit/01-installation-stack.md:49
TEC-01;? (v2);01;N/P;–;–;`/home/runner/work/Reticora-CMDB/Reticora-CMDB/docs/spec/katalog-v3/01-installation-stack.md:4`;"v2-Wortlaut fehlt; vorhandener Go-Code ist kein Beleg für unbekannte Stackvorgaben.";/home/runner/work/Reticora-CMDB/Reticora-CMDB/docs/audit/01-installation-stack.md:50
TEC-02;? (v2);01;N/P;–;–;`/home/runner/work/Reticora-CMDB/Reticora-CMDB/docs/spec/katalog-v3/01-installation-stack.md:4`;"Nur „unverändert“; Originalanforderung fehlt.";/home/runner/work/Reticora-CMDB/Reticora-CMDB/docs/audit/01-installation-stack.md:51
TEC-03;? (v2);01;N/P;–;–;`/home/runner/work/Reticora-CMDB/Reticora-CMDB/docs/spec/katalog-v3/01-installation-stack.md:4`;"Nur v2-Verweis; Originalanforderung fehlt.";/home/runner/work/Reticora-CMDB/Reticora-CMDB/docs/audit/01-installation-stack.md:52
TEC-04;? (v2);01;N/P;–;–;`/home/runner/work/Reticora-CMDB/Reticora-CMDB/docs/spec/katalog-v3/01-installation-stack.md:4`;"Nur v2-Verweis; Originalanforderung fehlt.";/home/runner/work/Reticora-CMDB/Reticora-CMDB/docs/audit/01-installation-stack.md:53
TEC-05;? (v2);01;N/P;–;–;`/home/runner/work/Reticora-CMDB/Reticora-CMDB/docs/spec/katalog-v3/01-installation-stack.md:4`;"Nur v2-Verweis; Originalanforderung fehlt.";/home/runner/work/Reticora-CMDB/Reticora-CMDB/docs/audit/01-installation-stack.md:54
TEC-07;? (v2);01;N/P;–;–;`/home/runner/work/Reticora-CMDB/Reticora-CMDB/docs/spec/katalog-v3/01-installation-stack.md:4`;"Nur v2-Verweis; Originalanforderung fehlt.";/home/runner/work/Reticora-CMDB/Reticora-CMDB/docs/audit/01-installation-stack.md:55
TEC-08;? (v2);01;N/P;–;–;`/home/runner/work/Reticora-CMDB/Reticora-CMDB/docs/spec/katalog-v3/01-installation-stack.md:4`;"Nur v2-Verweis; Originalanforderung fehlt.";/home/runner/work/Reticora-CMDB/Reticora-CMDB/docs/audit/01-installation-stack.md:56
TEC-10;? (v2);01;N/P;–;–;`/home/runner/work/Reticora-CMDB/Reticora-CMDB/docs/spec/katalog-v3/01-installation-stack.md:4`;"Nur v2-Verweis; Originalanforderung fehlt.";/home/runner/work/Reticora-CMDB/Reticora-CMDB/docs/audit/01-installation-stack.md:57
TEC-11;? (v2);01;N/P;–;–;`/home/runner/work/Reticora-CMDB/Reticora-CMDB/docs/spec/katalog-v3/01-installation-stack.md:4`;"Nur v2-Verweis; Originalanforderung fehlt.";/home/runner/work/Reticora-CMDB/Reticora-CMDB/docs/audit/01-installation-stack.md:58
TEC-06;"[B]; [Q] Spike";01;ABWEICHEND;Critical;L;"`/home/runner/work/Reticora-CMDB/Reticora-CMDB/backend/migrations/000020_metrics.up.sql:4–59`; `/home/runner/work/Reticora-CMDB/Reticora-CMDB/backend/migrations/000056_rls_enforcement.up.sql:35–46,62–78`";"PG16 und drei Extensions bestehen ohne AGE, aber ltree fehlt; Metriken/Continuous Aggregate haben weder RLS/FORCE noch Security-Barrier-Fallback, obwohl die App-Rolle Zugriff erhält (PRI-10).";/home/runner/work/Reticora-CMDB/Reticora-CMDB/docs/audit/01-installation-stack.md:59
TEC-09;[B];01;ABWEICHEND;High;L;"`/home/runner/work/Reticora-CMDB/Reticora-CMDB/install-cloud.sh:164–203,719–855,1356–1384`; `/home/runner/work/Reticora-CMDB/Reticora-CMDB/deploy/docker-compose/docker-compose.yml:259–264,298–299`";Installer, Nginx, Keycloak und TLS-Bausteine existieren, aber Default-HTTP-/ACME-Pfade widersprechen dem geforderten funktionsfähigen Installationsweg. Ziel-OS-/Docker-Versionsnachweis und Sizing-Tabelle fehlen, siehe INS-01/03/07.;/home/runner/work/Reticora-CMDB/Reticora-CMDB/docs/audit/01-installation-stack.md:60
TEC-12;[P5];01;ABWEICHEND;Critical;L;"`/home/runner/work/Reticora-CMDB/Reticora-CMDB/backend/internal/search/opensearch.go:153–176`; `/home/runner/work/Reticora-CMDB/Reticora-CMDB/backend/internal/search/handler.go:37–46,65–80`; `/home/runner/work/Reticora-CMDB/Reticora-CMDB/backend/internal/search/model.go:11–31`";OpenSearch ist bereits implementiert und wird normal geprüft: Org-Filter und Entitätstyp-Permissions ersetzen keine Client-/Site-/Feldrechte (CH11/CH25, PRI-10). Umschaltmessung und VictoriaMetrics sind nicht belegt.;/home/runner/work/Reticora-CMDB/Reticora-CMDB/docs/audit/01-installation-stack.md:61
TEC-13;[B];01;FAIL;High;L;"`/home/runner/work/Reticora-CMDB/Reticora-CMDB/backend/internal/config/config.go:13–143`; `/home/runner/work/Reticora-CMDB/Reticora-CMDB/backend/cmd/server/main.go:279–283`; `/home/runner/work/Reticora-CMDB/Reticora-CMDB/backend/internal/monitoring/evaluator.go:36–50`";"SMTP-Zustellung und kanalübergreifende Provider-Abstraktion fehlen; der verdrahtete Notifier loggt nur (CH24). SMS/Pager-Auslieferung [P3] ohne Code OFFEN, nicht zusätzlich G1-fällig.";/home/runner/work/Reticora-CMDB/Reticora-CMDB/docs/audit/01-installation-stack.md:62
TEC-14;[B];01;ABWEICHEND;High;L;"`/home/runner/work/Reticora-CMDB/Reticora-CMDB/backend/cmd/server/main.go:234–291`; `/home/runner/work/Reticora-CMDB/Reticora-CMDB/backend/internal/export/pg_job_repository.go:174–198`; `/home/runner/work/Reticora-CMDB/Reticora-CMDB/backend/internal/webhook/dispatcher.go:170–191,309–341`";"Einzelarbeiter ersetzen kein gemeinsames Jobframework/Scheduler mit Single-Runner; Webhook-Erstversand kann den parallelen Retry-Claim umgehen, Export-Claims bleiben nach Crash auf running. Audit-Advisory-Lock schützt nur Audit-Schreiben, kein Scheduler-Leader.";/home/runner/work/Reticora-CMDB/Reticora-CMDB/docs/audit/01-installation-stack.md:63
TEC-15;[B];01;ABWEICHEND;High;L;"`/home/runner/work/Reticora-CMDB/Reticora-CMDB/edgecore/update/update.go:18–26,66–151`; Suchraum `/home/runner/work/Reticora-CMDB/Reticora-CMDB/.github/workflows/` und Installer";"Kein cosign-/Sigstore-/SBOM-Releaseprozess gefunden; der vorhandene Updater ersetzt Binärdateien mit lediglich optionaler Prüfsumme statt verpflichtender Signaturprüfung. Eine produktive Verdrahtung des Updaters wird nicht behauptet.";/home/runner/work/Reticora-CMDB/Reticora-CMDB/docs/audit/01-installation-stack.md:64
TEC-16;[O];01;OFFEN;Low;–;"`/home/runner/work/Reticora-CMDB/Reticora-CMDB/install-cloud.sh:62–70,1019–1045`; `/home/runner/work/Reticora-CMDB/Reticora-CMDB/collector/profiles/profiles.go:15–20,54–69`";"Nur Bausteine wie eingebettete Profile vorhanden, kein vollständiges Air-Gapped-Profil mit SMTP/Update-/KI-Abgrenzung. Optionaler Backlog-Hinweis ohne Gatewirkung; siehe INS-08.";/home/runner/work/Reticora-CMDB/Reticora-CMDB/docs/audit/01-installation-stack.md:65
REP-01;[B];01;PARTIAL;High;L;"Fehlende Zielpfade unter `/home/runner/work/Reticora-CMDB/Reticora-CMDB/backend/internal/`: `/home/runner/work/Reticora-CMDB/Reticora-CMDB/backend/internal/notify`, `/home/runner/work/Reticora-CMDB/Reticora-CMDB/backend/internal/jobs`, `/home/runner/work/Reticora-CMDB/Reticora-CMDB/backend/internal/locations`, `/home/runner/work/Reticora-CMDB/Reticora-CMDB/backend/internal/pii`, `/home/runner/work/Reticora-CMDB/Reticora-CMDB/backend/internal/reviews`, `/home/runner/work/Reticora-CMDB/Reticora-CMDB/backend/internal/rules`; `/home/runner/work/Reticora-CMDB/Reticora-CMDB/api/rules.schema.json`, `/home/runner/work/Reticora-CMDB/Reticora-CMDB/docs/acceptance/`, `/home/runner/work/Reticora-CMDB/Reticora-CMDB/docs/decisions/`, `/home/runner/work/Reticora-CMDB/Reticora-CMDB/docs/schema-baseline.md` fehlen.";"Monorepo und fachliche Teiläquivalente existieren, die ausdrücklich geforderten Ergänzungen jedoch nicht; der v2-Bestandteil bleibt N/P. Gleichnamige Funktionen in anderen Paketen sind keine vollständige Erfüllung des Strukturwortlauts.";/home/runner/work/Reticora-CMDB/Reticora-CMDB/docs/audit/01-installation-stack.md:66
REP-02;? (v2);01;N/P;–;–;`/home/runner/work/Reticora-CMDB/Reticora-CMDB/docs/spec/katalog-v3/01-installation-stack.md:24`;v2-Wortlaut fehlt.;/home/runner/work/Reticora-CMDB/Reticora-CMDB/docs/audit/01-installation-stack.md:67
REP-03;? (v2);01;N/P;–;–;`/home/runner/work/Reticora-CMDB/Reticora-CMDB/docs/spec/katalog-v3/01-installation-stack.md:24`;v2-Wortlaut fehlt.;/home/runner/work/Reticora-CMDB/Reticora-CMDB/docs/audit/01-installation-stack.md:68
REP-04;? (v2);01;N/P;–;–;`/home/runner/work/Reticora-CMDB/Reticora-CMDB/docs/spec/katalog-v3/01-installation-stack.md:24`;v2-Wortlaut fehlt.;/home/runner/work/Reticora-CMDB/Reticora-CMDB/docs/audit/01-installation-stack.md:69
REP-05;? (v2);01;N/P;–;–;`/home/runner/work/Reticora-CMDB/Reticora-CMDB/docs/spec/katalog-v3/01-installation-stack.md:24`;v2-Wortlaut fehlt.;/home/runner/work/Reticora-CMDB/Reticora-CMDB/docs/audit/01-installation-stack.md:70
INS-01;[Q];01;PARTIAL;High;M;`/home/runner/work/Reticora-CMDB/Reticora-CMDB/.github/workflows/install-smoke.yml:32–85`;"Nur ubuntu-latest, keine festgelegte Ubuntu-24.04-/Debian-12-Matrix; Health-Auswertung verschluckt Compose-/JSON-Fehler und prüft nicht alle erwarteten Dienste einschließlich fehlender/beendeter Container.";/home/runner/work/Reticora-CMDB/Reticora-CMDB/docs/audit/01-installation-stack.md:71
INS-02;[B];01;PARTIAL;High;M;"`/home/runner/work/Reticora-CMDB/Reticora-CMDB/install-cloud.sh:872–959,985–1016`; `/home/runner/work/Reticora-CMDB/Reticora-CMDB/deploy/docker-compose/docker-compose.yml:130–146,194`";Realmprüfung und verständliche Fehler bestehen, aber die lokale Discovery-Probe prüft nur das Vorhandensein von issuer, nicht den richtigen extern/containerseitig erreichbaren Issuer oder Brokerkonfiguration. Der localhost-Default kann auf dem Host funktionieren und im Backend-Container scheitern.;/home/runner/work/Reticora-CMDB/Reticora-CMDB/docs/audit/01-installation-stack.md:72
INS-03;[B];01;ABWEICHEND;High;L;"`/home/runner/work/Reticora-CMDB/Reticora-CMDB/install-cloud.sh:719–726,792–855`; `/home/runner/work/Reticora-CMDB/Reticora-CMDB/deploy/docker-compose/nginx-tls.conf.template:23–48`; `/home/runner/work/Reticora-CMDB/Reticora-CMDB/deploy/docker-compose/docker-compose.yml:264,298–299`";"Selbstsigniert-Erkennung vergleicht subject=/issuer= einschließlich ungleicher Präfixe und überspringt ACME; Certbot-Aufruf passt zusätzlich nicht zum Shell-Entrypoint. Kettenvalidierung fehlt und das TLS-Template wird auch ohne TLS-Domain eingebunden.";/home/runner/work/Reticora-CMDB/Reticora-CMDB/docs/audit/01-installation-stack.md:73
INS-04;[Q];01;PARTIAL;High;L;"`/home/runner/work/Reticora-CMDB/Reticora-CMDB/frontend/e2e/login-roundtrip.spec.ts:39–79`; `/home/runner/work/Reticora-CMDB/Reticora-CMDB/.github/workflows/ci.yml:163–193`; `/home/runner/work/Reticora-CMDB/Reticora-CMDB/frontend/src/auth/oidc.ts:60–65,128–133`";"Kein zusammenhängender Install→echtes Signup/Login→Dashboard-Test; Fehlerbilder sind höchstens isoliert simuliert/abgefangen. Kein Nachweis für CH23-Self-Signup samt Verifikation/Trial, nicht bloß Login.";/home/runner/work/Reticora-CMDB/Reticora-CMDB/docs/audit/01-installation-stack.md:74
INS-05;[B];01;ABWEICHEND;High;M;"`/home/runner/work/Reticora-CMDB/Reticora-CMDB/install-cloud.sh:388–446,476–491,623–669,1114–1119,1238–1257`; `/home/runner/work/Reticora-CMDB/Reticora-CMDB/docs/troubleshooting-installation.md`";"Secrets und Session-Key werden wiederverwendet, doch Passwortprobe nutzt den lokalen Socket statt TCP und die Keycloak-DB wird nicht entsprechend synchronisiert. Vollständiges Neuschreiben der .env verliert zusätzliche Konfiguration wie RETICORA_HTTP_BIND; Troubleshooting-Doku ist vorhanden.";/home/runner/work/Reticora-CMDB/Reticora-CMDB/docs/audit/01-installation-stack.md:75
INS-06;[B];01;ABWEICHEND;High;L;"`/home/runner/work/Reticora-CMDB/Reticora-CMDB/frontend/src/pages/DiscoveryPage.tsx:43–44`; `/home/runner/work/Reticora-CMDB/Reticora-CMDB/collector/collectorcmd/collectorcmd.go:96–144`; `/home/runner/work/Reticora-CMDB/Reticora-CMDB/backend/internal/discovery/discovery.go:497–582`; `/home/runner/work/Reticora-CMDB/Reticora-CMDB/edgecore/enrollment/enrollment.go:18–35,61–64`";"UI empfiehlt `reticora-collector enroll --server … --code …`, aber der CLI-Einstieg verarbeitet diese Argumente nicht; Scopes-Vorschlag/-Bestätigung fehlt. Der separate Enrollment-Client verwendet außerdem einen anderen Standardpfad und andere JSON-Felder als die Collector-API.";/home/runner/work/Reticora-CMDB/Reticora-CMDB/docs/audit/01-installation-stack.md:76
INS-07;[B];01;ABWEICHEND;Medium;M;"`/home/runner/work/Reticora-CMDB/Reticora-CMDB/install.sh:116–138`; `/home/runner/work/Reticora-CMDB/Reticora-CMDB/install-cloud.sh:164–203`; `/home/runner/work/Reticora-CMDB/Reticora-CMDB/README.md:332`; fehlend: `/home/runner/work/Reticora-CMDB/Reticora-CMDB/docs/ops/sizing.md`";"4 vCPU/8 GB/100 GB SSD sind dokumentiert, aber OS-/Release-Erkennung und Sizing-Tabelle bis 50.000 fehlen; beliebiges docker-compose inklusive v1 wird akzeptiert, Docker ≥24 nicht geprüft. Andere Paketmanager werden versucht, nicht mit eindeutiger Supportmeldung abgegrenzt.";/home/runner/work/Reticora-CMDB/Reticora-CMDB/docs/audit/01-installation-stack.md:77
INS-08;[O];01;OFFEN;Low;–;"`/home/runner/work/Reticora-CMDB/Reticora-CMDB/install.sh:84,233`; `/home/runner/work/Reticora-CMDB/Reticora-CMDB/install-cloud.sh:62–70`; `/home/runner/work/Reticora-CMDB/Reticora-CMDB/install-vm.sh:432–444`";"Kein vollständiges Offline-Bundle; --offline-update wird an den Unterinstaller weitergereicht und dort abgewiesen. Eigene CA-/Profilbausteine ersetzen keine signierte Offline-Aktualisierung; nur Hinweis, kein Gate.";/home/runner/work/Reticora-CMDB/Reticora-CMDB/docs/audit/01-installation-stack.md:78
OPS-01;[B];01;PARTIAL;High;L;"`/home/runner/work/Reticora-CMDB/Reticora-CMDB/backend/internal/server/router.go:357–365`; `/home/runner/work/Reticora-CMDB/Reticora-CMDB/backend/cmd/server/main.go:65–81,114–126,172–186`; `/home/runner/work/Reticora-CMDB/Reticora-CMDB/backend/internal/config/config.go:153–168`";/healthz antwortet statisch 200, keine gezielte Readiness für DB/Extensions/NATS/Redis/S3/SMTP. Teilweise Startprüfung für Schlüssel/DB, aber Redis-Fallback, nur geloggte S3-Fehler und stille Config-Defaults ergeben keine vollständige fail-closed Validierung.;/home/runner/work/Reticora-CMDB/Reticora-CMDB/docs/audit/01-installation-stack.md:79
OPS-02;"[B]; [P3]; [A]";01;FAIL;High;L;"`/home/runner/work/Reticora-CMDB/Reticora-CMDB/backend/internal/config/config.go:13–143`; `/home/runner/work/Reticora-CMDB/Reticora-CMDB/backend/cmd/server/main.go:234–291`; `/home/runner/work/Reticora-CMDB/Reticora-CMDB/backend/internal/iga/jml.go:63–109`";"Geforderte unabhängige Betriebsschalter fehlen, mehrere genannte Runner existieren nicht separat. Monitoring/Workflow/IGA-Code ist vorhanden und deshalb mitgeprüft, ebenfalls ohne passende unabhängige Schalter; Details unten.";/home/runner/work/Reticora-CMDB/Reticora-CMDB/docs/audit/01-installation-stack.md:80
OPS-03;"[B]; [P5]";01;ABWEICHEND;High;M;"`/home/runner/work/Reticora-CMDB/Reticora-CMDB/deploy/k8s/base/deployment.yaml:22–74`; `/home/runner/work/Reticora-CMDB/Reticora-CMDB/deploy/k8s/overlays/prod/kustomization.yaml:24–42`; `/home/runner/work/Reticora-CMDB/Reticora-CMDB/deploy/k8s/base/hpa.yaml:10–18`";"Overlays/Limits/Prod-HPA existieren, aber Pflicht-Master-Key wird nicht injiziert und skalierte Worker haben die Single-Runner-Lücken aus TEC-14. Terraform enthält nur Platzhalter; GitOps/PG-HA [P5] ohne Implementierung OFFEN.";/home/runner/work/Reticora-CMDB/Reticora-CMDB/docs/audit/01-installation-stack.md:81
OPS-04;"[B]; [P5]";01;PARTIAL;High;L;"`/home/runner/work/Reticora-CMDB/Reticora-CMDB/deploy/k8s/base/components/backup/cronjob.yaml:13,48–60`; `/home/runner/work/Reticora-CMDB/Reticora-CMDB/docs/backup-dr.md:21–48`; `/home/runner/work/Reticora-CMDB/Reticora-CMDB/.github/workflows/restore-test.yml:58–88`";"Ausführbar ist ein täglicher logischer Dump, nicht die dokumentierte WAL-/Basisbackup-Kette; S3-Versionierung und RPO15min/RTO4h-Nachweis fehlen. [P5] Restore-/Timescale-Code teilweise vorhanden, PITR-Automation/Read-Replicas OFFEN.";/home/runner/work/Reticora-CMDB/Reticora-CMDB/docs/audit/01-installation-stack.md:82
OPS-05;[B];01;ABWEICHEND;High;L;"`/home/runner/work/Reticora-CMDB/Reticora-CMDB/backend/internal/middleware/metrics.go:38–82`; `/home/runner/work/Reticora-CMDB/Reticora-CMDB/deploy/monitoring/slo-rules.yaml:17–58`; `/home/runner/work/Reticora-CMDB/Reticora-CMDB/backend/internal/monitoring/pg_alert_store.go:172–237`";"HTTP-Metriken/SLO-Datei/Logs bestehen, aber keine vollständige Worker-Fehlersicht und NTF-Alarmierung. PG-Alertzustandsupdates laufen ohne erforderlichen RLS-Kontext; Reservierungs-Sweeper ignoriert Fehler.";/home/runner/work/Reticora-CMDB/Reticora-CMDB/docs/audit/01-installation-stack.md:83
OPS-06;[Q];01;ABWEICHEND;Critical;L;"`/home/runner/work/Reticora-CMDB/Reticora-CMDB/edgecore/buffer/buffer.go:87–148`; `/home/runner/work/Reticora-CMDB/Reticora-CMDB/collector/collectorcmd/collectorcmd.go:799–801`; `/home/runner/work/Reticora-CMDB/Reticora-CMDB/backend/internal/webhook/dispatcher.go:181–186`";Alters-/Größenlimit löscht unzugestellte Spoolnachrichten ohne Dropmeldung/-zähler und liefert Erfolg: Widerspruch zu PRI-10 „kein stiller Datenverlust“. Einzelne Retry-/Timeouttests ersetzen keine Ausfall-/Backpressure-Prüfung aller genannten Dienste.;/home/runner/work/Reticora-CMDB/Reticora-CMDB/docs/audit/01-installation-stack.md:84
TEN-01;[B], Reseller [P4];02;PARTIAL;Medium;L;"`/home/runner/work/Reticora-CMDB/Reticora-CMDB/backend/migrations/000001_tenant_model.up.sql:6–66`; `/home/runner/work/Reticora-CMDB/Reticora-CMDB/backend/migrations/000055_cmdb_extensions.up.sql:286–320`";Org/Client/klassische Standorthierarchie, Location-Baum und Assetbezug bestehen, aber durchgängige einheitliche Hierarchie mit Scopewirkung ist nicht nachgewiesen. Reseller fehlt als späterer Teil (TEN-08), vorhandene doppelte Standortstrukturen erfordern Konsolidierung.;/home/runner/work/Reticora-CMDB/Reticora-CMDB/docs/audit/02-mandanten-auth-entitlements.md:34
TEN-02;[B];02;ABWEICHEND;Critical;L;"`/home/runner/work/Reticora-CMDB/Reticora-CMDB/docs/audit/00-schema-ist.md:9–20,40–144`; `/home/runner/work/Reticora-CMDB/Reticora-CMDB/backend/migrations/000001_tenant_model.up.sql:38–66`; Einzeltabellen unten.";"Fünf Tabellen ohne eigene Org-Spalte und fünf nullable, darunter globale Kataloge/Org-Wurzel gesondert zu klären; Standort-/Kindtabellen tragen Client/Site nicht durchgängig denormalisiert. Daraus folgende fehlende Client-/Site-WITH-CHECK-Schranken werden einzeln als Critical geführt, nicht globale Metadaten pauschal als Tenant-Leak.";/home/runner/work/Reticora-CMDB/Reticora-CMDB/docs/audit/02-mandanten-auth-entitlements.md:35
TEN-03;[B];02;PARTIAL;High;M;"`/home/runner/work/Reticora-CMDB/Reticora-CMDB/backend/internal/database/pool.go:52–76,112–130`; `/home/runner/work/Reticora-CMDB/Reticora-CMDB/backend/migrations/000056_rls_enforcement.up.sql:23–78`";"SET ROLE und NOSUPERUSER/NOBYPASSRLS werden geprüft; explizite Grants liefern USAGE/DML statt vollständigem CH19-DDL-Vertrag. Effektive geerbte Rechte/Eigentümerschaft sind nicht live belegt, FORCE wird nur für bereits RLS-aktivierte Tabellen gesetzt.";/home/runner/work/Reticora-CMDB/Reticora-CMDB/docs/audit/02-mandanten-auth-entitlements.md:36
TEN-04;[B];02;ABWEICHEND;Critical;L;"`/home/runner/work/Reticora-CMDB/Reticora-CMDB/backend/internal/database/pool.go:150–180`; `/home/runner/work/Reticora-CMDB/Reticora-CMDB/backend/internal/tenant/tenant.go:9–13`; `/home/runner/work/Reticora-CMDB/Reticora-CMDB/backend/internal/identity/handler.go:253–276`";"Produktive Helfer setzen Org und teils einen Client-Scope-String lokal, nicht alle fünf verlangten GUCs pro Request; SQL unterstützt Clientmengen, deren autoritative Ableitung fehlt aber schon in Sessions. Kein produktiver sessionsweiter Tenant-Setter gefunden, aber fehlende Scopes bedeuten org-weiten Zugriff.";/home/runner/work/Reticora-CMDB/Reticora-CMDB/docs/audit/02-mandanten-auth-entitlements.md:37
TEN-05;[B];02;ABWEICHEND;Critical;L;"`/home/runner/work/Reticora-CMDB/Reticora-CMDB/backend/migrations/000033_client_scope_rls.up.sql:29–79`; `/home/runner/work/Reticora-CMDB/Reticora-CMDB/backend/migrations/000056_rls_enforcement.up.sql:62–105`; vollständige Policy-Matrix unten.";"Nur sieben Tabellen prüfen Client, neun weitere mit client_id nicht; Site/Team fehlen, metric_sample hat keine RLS. WITH CHECK erlaubt auch gescopten Schreibern NULL-Client, Systemausnahmen sind ebenfalls schreibfähig; jede fehlende Client-/Site-Schreibschranke ist Critical.";/home/runner/work/Reticora-CMDB/Reticora-CMDB/docs/audit/02-mandanten-auth-entitlements.md:38
TEN-06;[B];02;ABWEICHEND;Critical;L;"`/home/runner/work/Reticora-CMDB/Reticora-CMDB/backend/internal/ci/pg_repository.go:66–78`; `/home/runner/work/Reticora-CMDB/Reticora-CMDB/backend/internal/export/pg_job_repository.go:174–198`; vollständiges DB-Einstiegsinventar unten.";"Drei zentrale WithTenant-Varianten werden produktiv nicht aufgerufen; 46 private Helfer und weitere Poolpfade liefern inkonsistenten Kontext statt zentraler Request-/Tenanttransaktion. Worker nutzen teils app.system global statt Mandanteniteration, Exporte/Suche/Lifecycle verlieren Scopes; Dokumentdownloads haben zusätzlich Cross-Org-Blobzugriff.";/home/runner/work/Reticora-CMDB/Reticora-CMDB/docs/audit/02-mandanten-auth-entitlements.md:39
TEN-07;[P4];02;OFFEN;–;–;"`/home/runner/work/Reticora-CMDB/Reticora-CMDB/deploy/terraform/main.tf:1–24`; `/home/runner/work/Reticora-CMDB/Reticora-CMDB/deploy/k8s/overlays/prod/kustomization.yaml:15–33`; `/home/runner/work/Reticora-CMDB/Reticora-CMDB/backend/internal/credential/credential.go:64–70,137–147`";"Allgemeine Deployments und Org-DEKs sind Voraussetzungen, keine dedizierte Schema-/Instance-Funktion mit eigenem Betriebsprofil. Kein solcher P4-Code gefunden; keine erwiesene Architekturblockade und kein G1-Fehlen daraus abgeleitet.";/home/runner/work/Reticora-CMDB/Reticora-CMDB/docs/audit/02-mandanten-auth-entitlements.md:40
TEN-08;[P4];02;OFFEN;–;–;"`/home/runner/work/Reticora-CMDB/Reticora-CMDB/backend/migrations/000001_tenant_model.up.sql:6–25`; `/home/runner/work/Reticora-CMDB/Reticora-CMDB/backend/internal/tenantapi/model.go:7–16`";"Keine Resellertabelle/organization.reseller_id oder explizite Orgwechsel-Session; Client innerhalb Org ersetzt keine Reseller-Ebene. Spätere Erweiterung nicht als G1-fällig bewertet, keine unvermeidbare Architekturblockade belegt.";/home/runner/work/Reticora-CMDB/Reticora-CMDB/docs/audit/02-mandanten-auth-entitlements.md:41
TEN-09;[Q];02;PARTIAL;High;L;"`/home/runner/work/Reticora-CMDB/Reticora-CMDB/backend/internal/database/rls_isolation_test.go:98,189`; `/home/runner/work/Reticora-CMDB/Reticora-CMDB/backend/internal/tenant/rls/isolation_integration_test.go:117–127,164`; Testmatrix unten.";"Repräsentative Org-/Client-Reads und INSERT-Abweisung bestehen als Tests, keine vollständige Site-/Team-/NULL-Schreib-/Job-/Notification-/Review-/Location-Abdeckung. v2-Restumfang fehlt; gefundene tatsächliche Expositionspfade bleiben Critical, auch wenn Testlücke hier High ist.";/home/runner/work/Reticora-CMDB/Reticora-CMDB/docs/audit/02-mandanten-auth-entitlements.md:42
TEN-10;[B];02;FAIL;High;L;"`/home/runner/work/Reticora-CMDB/Reticora-CMDB/backend/migrations/000015_network_ipam.up.sql:22–52`; `/home/runner/work/Reticora-CMDB/Reticora-CMDB/backend/internal/permission/catalog.go:3–102`; Suchraum Migrationen/Backend/API.";VRF-Modell, Org-Unique(name), is_default/global bei Org-Anlage sowie CRUD/vrf:manage fehlen. Bestehende Org+CIDR-/Adress-Eindeutigkeit ohne VRF erfüllt CH10 nicht.;/home/runner/work/Reticora-CMDB/Reticora-CMDB/docs/audit/02-mandanten-auth-entitlements.md:43
AUT-01;[B];02;ABWEICHEND;Critical;L;"`/home/runner/work/Reticora-CMDB/Reticora-CMDB/backend/internal/identity/oidc.go:202–346`; `/home/runner/work/Reticora-CMDB/Reticora-CMDB/backend/internal/identity/handler.go:248–276`; `/home/runner/work/Reticora-CMDB/Reticora-CMDB/backend/internal/user/pg_repository.go:972–992`";PKCE und Signatur-/Issuer-/Audience-Prüfung bestehen, aber Org kommt aus UUID-Gruppe, Benutzer-Upsert aus oidc_subject statt zugelassenem Org/E-Mail-Erstlogin. Upsert reaktiviert auch lokal gesperrte Benutzer ohne autorisierten Reaktivierungsprozess.;/home/runner/work/Reticora-CMDB/Reticora-CMDB/docs/audit/02-mandanten-auth-entitlements.md:44
AUT-02;[B];02;ABWEICHEND;Critical;L;"`/home/runner/work/Reticora-CMDB/Reticora-CMDB/backend/internal/identity/handler.go:15–18,155–175,415–418`; `/home/runner/work/Reticora-CMDB/Reticora-CMDB/backend/internal/identity/types.go:215–223`; `/home/runner/work/Reticora-CMDB/Reticora-CMDB/backend/internal/identity/session.go:17–21,60–140`";RS256 besteht, aber 60 statt 15 Minuten, abweichende Claims/fehlendes kid, kein Refresh-Cookie/Redis-Widerruf. Refresh übernimmt alte Rechte ohne Statusprüfung wiederholt, sodass Deaktivierung/Rechteentzug keine zuverlässige Wirkung entfalten.;/home/runner/work/Reticora-CMDB/Reticora-CMDB/docs/audit/02-mandanten-auth-entitlements.md:45
AUT-03;[B];02;ABWEICHEND;Medium;M;"`/home/runner/work/Reticora-CMDB/Reticora-CMDB/backend/cmd/server/main.go:366–390`; `/home/runner/work/Reticora-CMDB/Reticora-CMDB/backend/internal/config/config.go:110–111`; `/home/runner/work/Reticora-CMDB/Reticora-CMDB/backend/internal/identity/session.go:94–97`";"Kein eigener Dev-Login; AllowInsecureDevAuth ist zwar opt-in, aber nicht ausdrücklich außerhalb production begrenzt. Der typisierte nil-Verifier weist Tokens ab, daher kein nachgewiesener produktiver Auth-Bypass; übriger v2-Wortlaut fehlt.";/home/runner/work/Reticora-CMDB/Reticora-CMDB/docs/audit/02-mandanten-auth-entitlements.md:46
AUT-04;[B];02;ABWEICHEND;High;L;"`/home/runner/work/Reticora-CMDB/Reticora-CMDB/backend/internal/identity/apikey.go:15–20,74–97,130–185`; `/home/runner/work/Reticora-CMDB/Reticora-CMDB/backend/internal/identity/apikey_store.go:23–31,68–86`";"Nur rk_live_ mit zusätzlichem Trenner zwischen 12/40 Base62-Zeichen; SHA-256, Constant-Time und Ablauf/Widerruf bestehen. rk_test_, Owner-Rechteschnitt, vollständige einmalige Ausgabe/Verwaltung und überlappende Rotation fehlen; PG-Lookup erfolgt vor Tenant-Kontext.";/home/runner/work/Reticora-CMDB/Reticora-CMDB/docs/audit/02-mandanten-auth-entitlements.md:47
AUT-05;[B];02;N/P;–;–;"Gelieferter Katalog: „AUT-05, AUT-06 [B] unverändert“; `/home/runner/work/Reticora-CMDB/Reticora-CMDB/docs/audit/00-bestandsaufnahme.md:210–225` dokumentiert fehlenden v2-Originaltext.";"Originalanforderung fehlt; keine Rekonstruktion aus Produktbeschreibungen.";/home/runner/work/Reticora-CMDB/Reticora-CMDB/docs/audit/02-mandanten-auth-entitlements.md:48
AUT-06;[B];02;N/P;–;–;"Gelieferter Katalog: „AUT-05, AUT-06 [B] unverändert“; `/home/runner/work/Reticora-CMDB/Reticora-CMDB/docs/audit/00-bestandsaufnahme.md:210–225` dokumentiert fehlenden v2-Originaltext.";"Originalanforderung fehlt; keine Rekonstruktion aus Produktbeschreibungen.";/home/runner/work/Reticora-CMDB/Reticora-CMDB/docs/audit/02-mandanten-auth-entitlements.md:49
AUT-07;[P4];02;OFFEN;–;–;"`/home/runner/work/Reticora-CMDB/Reticora-CMDB/deploy/keycloak/realm-reticora.json:53–111`; Suchraum Backend/Deploy/Frontend: kein SAML-Broker-Verwaltungspfad.";"Noch keine organisationsbezogene SAML-Broker-Implementierung; vorhandener Keycloak/OIDC-Client ist nur Grundlage. Kein G1-Fehlen aufgrund der späteren Phase.";/home/runner/work/Reticora-CMDB/Reticora-CMDB/docs/audit/02-mandanten-auth-entitlements.md:50
AUT-08;[P4];02;PARTIAL;High;L;"`/home/runner/work/Reticora-CMDB/Reticora-CMDB/backend/internal/iga/handler.go:64–76`; `/home/runner/work/Reticora-CMDB/Reticora-CMDB/backend/internal/iga/scim.go:175–223,280–300`; `/home/runner/work/Reticora-CMDB/Reticora-CMDB/backend/internal/iga/connector.go:82–189`";"Inbound und Outbound bestehen, Group-PATCH ist aber PUT-Alias, User-PATCH beschränkt und TaskRunner nicht produktiv aufgerufen. Deprovisionierung entzieht keine Sessions; dieser vorhandene Pfad wird nicht pauschal OFFEN gesetzt.";/home/runner/work/Reticora-CMDB/Reticora-CMDB/docs/audit/02-mandanten-auth-entitlements.md:51
AUT-09;[B];02;ABWEICHEND;Critical;L;"`/home/runner/work/Reticora-CMDB/Reticora-CMDB/deploy/keycloak/realm-reticora.json:2,95–107,122–149`; `/home/runner/work/Reticora-CMDB/Reticora-CMDB/install-cloud.sh:894–901`; `/home/runner/work/Reticora-CMDB/Reticora-CMDB/backend/internal/identity/handler.go:304–312`";Ein Realm/Org-Mapper bestehen, aber Org-Attribut wird nicht verwendet, Admin-Brokering und verpflichtende MFA/Passwort-/Lockout-Policy fehlen. Produktiver Import enthält ein bekanntes nichttemporäres Demo-Administratorkonto, dessen Passwort nicht durch den Installer individualisiert wird.;/home/runner/work/Reticora-CMDB/Reticora-CMDB/docs/audit/02-mandanten-auth-entitlements.md:52
AUT-10;[B];02;ABWEICHEND;High;M;"`/home/runner/work/Reticora-CMDB/Reticora-CMDB/backend/cmd/server/main.go:307–319`; `/home/runner/work/Reticora-CMDB/Reticora-CMDB/backend/internal/config/config.go:123`; `/home/runner/work/Reticora-CMDB/Reticora-CMDB/backend/internal/middleware/auth.go:79–104`; `/home/runner/work/Reticora-CMDB/Reticora-CMDB/backend/internal/middleware/ratelimit.go:138–158`";"Allgemeines Budget 600/min nach Auth statt eigenständigem Pre-Auth20/min; ungültige API-Keys erreichen den Limiter nicht. Signup-/Einladungsannahme fehlen, dedizierte Keycloak-Lockout-Anzeige ist nicht nachgewiesen.";/home/runner/work/Reticora-CMDB/Reticora-CMDB/docs/audit/02-mandanten-auth-entitlements.md:53
RBA-01;[B];02;ABWEICHEND;High;M;"`/home/runner/work/Reticora-CMDB/Reticora-CMDB/backend/internal/permission/catalog.go:3–102`; `/home/runner/work/Reticora-CMDB/Reticora-CMDB/backend/migrations/000032_standard_role_seeds.up.sql:20–39`; `/home/runner/work/Reticora-CMDB/Reticora-CMDB/backend/internal/identity/types.go:11–110`";"Neun geforderte Schlüssel fehlen im SQL-/Go-Katalog; die vorhandenen site:*-Rechte ersetzen die geforderten location:*-Rechte nicht, collector:manage existiert nur als Identity-Konstante. Ähnliche oder ungenutzte Schlüssel erfüllen die exakten Aktionsrechte nicht.";/home/runner/work/Reticora-CMDB/Reticora-CMDB/docs/audit/02-mandanten-auth-entitlements.md:54
RBA-02;[B];02;ABWEICHEND;Critical;L;"`/home/runner/work/Reticora-CMDB/Reticora-CMDB/backend/migrations/000032_standard_role_seeds.up.sql:48–150`; `/home/runner/work/Reticora-CMDB/Reticora-CMDB/backend/internal/identity/handler.go:270–277,304–378`; Matrix unten.";"Seed und ausgegebene Session verwenden unterschiedliche Rollenmodelle, engineer/client_technician werden nicht als gleichnamige OIDC-Rollen erkannt; C-Semantik fehlt. Viewer erhält unter anderem credential:read und kann damit den Decrypt-Endpunkt nutzen.";/home/runner/work/Reticora-CMDB/Reticora-CMDB/docs/audit/02-mandanten-auth-entitlements.md:55
RBA-03;[B];02;ABWEICHEND;Critical;L;"`/home/runner/work/Reticora-CMDB/Reticora-CMDB/backend/migrations/000005_users_roles.up.sql:17–38`; `/home/runner/work/Reticora-CMDB/Reticora-CMDB/backend/migrations/000014_phase2_users_teams_roles.up.sql:30–55`; `/home/runner/work/Reticora-CMDB/Reticora-CMDB/backend/internal/permission/pg_repository.go:115–158`";Custom-Rollen und Rechtevereinigung bestehen, EffectivePermissions ignoriert aber Scope-Spalten und Sessionauflösung übernimmt DB-Rollen nicht. Team-Scope und durchgängige Org→NULL-/Mengenvereinigung fehlen, sodass Client-Rollenzuweisung keine verlässliche Begrenzung ergibt.;/home/runner/work/Reticora-CMDB/Reticora-CMDB/docs/audit/02-mandanten-auth-entitlements.md:56
RBA-04;[B];02;ABWEICHEND;Critical;L;"`/home/runner/work/Reticora-CMDB/Reticora-CMDB/backend/internal/server/authz.go:17–159,181–248,264–359`; `/home/runner/work/Reticora-CMDB/Reticora-CMDB/backend/internal/credential/handler.go:23–29,125–143`; Routeninventar unten.";"Statisch alle 400 expliziten Operationen gemappt, unbekanntes Mapping wird verweigert; UNMAPPED-Liste leer. Falsche Aktionszuordnung lässt jedoch Viewer entschlüsseln, ci:write löschen und order:write freigeben; Mappingexistenz genügt nicht.";/home/runner/work/Reticora-CMDB/Reticora-CMDB/docs/audit/02-mandanten-auth-entitlements.md:57
RBA-05;[P2–P4], [A];02;PARTIAL;High;L;"`/home/runner/work/Reticora-CMDB/Reticora-CMDB/backend/internal/server/authz.go:30–98,129–155`; `/home/runner/work/Reticora-CMDB/Reticora-CMDB/backend/migrations/000055_cmdb_extensions.up.sql:614–667`";"Fast alle genannten Module einschließlich IGA/AI besitzen Code und Rechte, aber Schlüsselmodelle/Aktionszuordnung weichen ab; bestehende Org-Seeds und neue Orgs erhalten nicht durchgängig dieselben Ergänzungen. Contract ohne Modulcode OFFEN, nicht G1-fällig.";/home/runner/work/Reticora-CMDB/Reticora-CMDB/docs/audit/02-mandanten-auth-entitlements.md:58
RBA-06;[P2];02;ABWEICHEND;High;M;"`/home/runner/work/Reticora-CMDB/Reticora-CMDB/backend/internal/server/authz.go:210–246`; `/home/runner/work/Reticora-CMDB/Reticora-CMDB/backend/internal/citype/handler.go:40–58`; `/home/runner/work/Reticora-CMDB/Reticora-CMDB/backend/internal/override/handler.go:34–40`; `/home/runner/work/Reticora-CMDB/Reticora-CMDB/backend/internal/lifecycle/handler.go:35–40`";"Spezielle Permissions existieren, werden für verschachtelte Overrides/Instanzattribute/Transitions/Reconciliation-Einstellungen durch erstes Ressourcenpfadsegment umgangen. Beziehungstyp- und Lifecycle-Definitionsverwaltung sind getrennt gemappt; vorhandene P2-Implementierung wird normal bewertet.";/home/runner/work/Reticora-CMDB/Reticora-CMDB/docs/audit/02-mandanten-auth-entitlements.md:59
RBA-07;[P2], KI [A];02;OFFEN;–;–;"`/home/runner/work/Reticora-CMDB/Reticora-CMDB/backend/internal/fieldmeta/fieldmeta.go:71–108,175–212`; `/home/runner/work/Reticora-CMDB/Reticora-CMDB/backend/internal/graphqlbff/graphqlbff.go:146–172,205–263`; Kanalabgleich unten.";"Kein entsprechendes Feldrechte-/Grant-System vorhanden; dynamische Feldbedingungen sind kein Sicherheitsmodell, daher fehlende spätere Funktion OFFEN statt Baseline-FAIL. Bestehende Kanalstrukturen benötigen Erweiterung; aktuelle unabhängige Objekt-/Scope-Fehler stehen bei TEN/RBA-04/08.";/home/runner/work/Reticora-CMDB/Reticora-CMDB/docs/audit/02-mandanten-auth-entitlements.md:60
RBA-08;[B];02;PARTIAL;High;L;"`/home/runner/work/Reticora-CMDB/Reticora-CMDB/backend/migrations/000014_phase2_users_teams_roles.up.sql:6–26`; `/home/runner/work/Reticora-CMDB/Reticora-CMDB/backend/internal/identity/apikey.go:32–45,149–155`; `/home/runner/work/Reticora-CMDB/Reticora-CMDB/backend/internal/webhook/webhook.go:17–38`";"Team-Unique/Mitglieder bestehen, Service-Accounts mit Rollen/Scopes fehlen; Keys/Webhooks sind nicht gleichwertige Akteure. Subscriptions erhalten volle Ereignisse ohne an einen Service-Account gebundene Objektleserechte.";/home/runner/work/Reticora-CMDB/Reticora-CMDB/docs/audit/02-mandanten-auth-entitlements.md:61
ENT-01;[B];02;ABWEICHEND;High;M;"`/home/runner/work/Reticora-CMDB/Reticora-CMDB/backend/migrations/000004_entitlements.up.sql:3–14`; `/home/runner/work/Reticora-CMDB/Reticora-CMDB/backend/internal/entitlement/entitlement.go:118–126`";"Org+Feature ist eindeutig und enabled vorhanden, aber skalares limit_value/expires_at statt limits JSONB/valid_until; source samt erlaubten Werten fehlt. Die geforderte differenzierte Kontingent-/Herkunftsdarstellung ist damit nicht umgesetzt.";/home/runner/work/Reticora-CMDB/Reticora-CMDB/docs/audit/02-mandanten-auth-entitlements.md:62
ENT-02;[B];02;ABWEICHEND;High;L;"`/home/runner/work/Reticora-CMDB/Reticora-CMDB/backend/internal/entitlement/entitlement.go:30–45,129–136,241–251,278–283`; `/home/runner/work/Reticora-CMDB/Reticora-CMDB/backend/internal/export/export.go:35–58`";"cmdb/export statt cmdb_core/export_csv; topology/rack_view/api_access/notifications_email und benannte max_*-Kontingente fehlen, Core ist deaktivier-/ablauffähig. DATEV-Code besteht bereits ohne export_datev-Gate und wird daher normal geprüft.";/home/runner/work/Reticora-CMDB/Reticora-CMDB/docs/audit/02-mandanten-auth-entitlements.md:63
ENT-03;[B];02;ABWEICHEND;High;L;"`/home/runner/work/Reticora-CMDB/Reticora-CMDB/backend/internal/entitlement/middleware.go:18–66`; `/home/runner/work/Reticora-CMDB/Reticora-CMDB/backend/internal/server/router.go:212–216`; `/home/runner/work/Reticora-CMDB/Reticora-CMDB/backend/internal/entitlement/entitlement.go:185–208,303–332`";"Ingest-Alias umgeht Gate und neue Discovery-CIs umgehen LimitGuard; unlicensed_ci/Snapshot-/Resolveprozess fehlt. Limitfehler nutzt generischen 403-Typ, Cache lokale Map/30 s statt Redis/60 s mit übergreifender Invalidierung.";/home/runner/work/Reticora-CMDB/Reticora-CMDB/docs/audit/02-mandanten-auth-entitlements.md:64
ENT-04;[B];02;ABWEICHEND;High;M;"`/home/runner/work/Reticora-CMDB/Reticora-CMDB/backend/internal/entitlement/handler.go:81–93`; `/home/runner/work/Reticora-CMDB/Reticora-CMDB/backend/migrations/000032_standard_role_seeds.up.sql:35,56–57`; `/home/runner/work/Reticora-CMDB/Reticora-CMDB/backend/internal/entitlement/pg_repository.go:78–85`";GET ist vorhanden, Schreiben erfolgt jedoch über POST /api/v1/entitlements mit tenantseitigem entitlement:manage statt gesonderter Operator-Identität. org_admin kann eigene Freigaben/Limits/Ablaufdaten verändern.;/home/runner/work/Reticora-CMDB/Reticora-CMDB/docs/audit/02-mandanten-auth-entitlements.md:65
ENT-05;[B];02;ABWEICHEND;High;L;"`/home/runner/work/Reticora-CMDB/Reticora-CMDB/backend/internal/export/export.go:35–76`; `/home/runner/work/Reticora-CMDB/Reticora-CMDB/backend/internal/graphqlbff/graphqlbff.go:146–150,175–205,234–259`; `/home/runner/work/Reticora-CMDB/Reticora-CMDB/frontend/src/hooks/useEntitlements.ts:18–92`";"REST-Gates verfehlen Export-/Ingestpfade, GraphQL hat keinen Entitlementdienst und fehlende Featurezeilen fallen auf globalen DefaultPlan zurück. UI-Navigation spiegelt Teilfreigaben, nicht Limits/Ablauf; kein kostenpflichtiger GraphQL-Schreibbypass behauptet.";/home/runner/work/Reticora-CMDB/Reticora-CMDB/docs/audit/02-mandanten-auth-entitlements.md:66
ENT-06;(V), [B–P4], [A];02;ABWEICHEND;High;M;"`/home/runner/work/Reticora-CMDB/Reticora-CMDB/backend/internal/entitlement/entitlement.go:49–94,241–251,352–361`; CH14 in `/home/runner/work/Reticora-CMDB/Reticora-CMDB/docs/spec/katalog-v3/00-grundlagen.md`";Vorgeschlagene Matrix/Limits sind nicht umgesetzt: nur Hinweis, kein Gate aufgrund der Vorschlagswerte. Unabhängig davon enthält Pro/Enterprise AI und Enterprise IGA implizit, im Widerspruch zur verbindlichen CH14-Add-on-Trennung.;/home/runner/work/Reticora-CMDB/Reticora-CMDB/docs/audit/02-mandanten-auth-entitlements.md:67
ENT-07;[B];02;ABWEICHEND;High;L;"`/home/runner/work/Reticora-CMDB/Reticora-CMDB/backend/internal/entitlement/entitlement.go:129–136,224–238`; `/home/runner/work/Reticora-CMDB/Reticora-CMDB/collector/collectorcmd/collectorcmd.go:251–303,355–371,403–405,523–549`";"Ablauf sperrt generisch auch andere Featurezugriffe inklusive Lesen, während Ingest-Alias ungeprüft bleibt und Collector weiter scannt/Fehler spoolt. Paused-Zustand, spezifische Messung und Banner/14-7-1-Benachrichtigung fehlen; Trialwerte bleiben unverbindlicher Vorschlag.";/home/runner/work/Reticora-CMDB/Reticora-CMDB/docs/audit/02-mandanten-auth-entitlements.md:68
ENT-08;[B];02;ABWEICHEND;High;L;"`/home/runner/work/Reticora-CMDB/Reticora-CMDB/backend/internal/entitlement/pg_repository.go:73–97`; `/home/runner/work/Reticora-CMDB/Reticora-CMDB/backend/internal/ci/service.go:136–167`; `/home/runner/work/Reticora-CMDB/Reticora-CMDB/backend/internal/discovery/discovery.go:713–740`";Grant löscht keine CIs und REST unterscheidet Create/Update, aber Ingest-Neuanlagen umgehen Grenzen statt unlicensed_ci zu erzeugen. Ein vollständiger Downgradeprozess mit kanalübergreifender Bestandserhaltung/-nutzbarkeit ist nicht belegt.;/home/runner/work/Reticora-CMDB/Reticora-CMDB/docs/audit/02-mandanten-auth-entitlements.md:69
GLO-13;[B];04;FAIL;High;M;"`/home/runner/work/Reticora-CMDB/Reticora-CMDB/backend/internal/ci/validation.go:50–63`; `/home/runner/work/Reticora-CMDB/Reticora-CMDB/backend/internal/discovery/discovery.go:702–711`";"Keine generelle Ablehnung der vier reservierten Schlüssel bei Create/PATCH oder Ingest; unbekannte Attribute passieren. Dedizierter CI-Import nicht gefunden, dessen Schutz damit ebenfalls nicht nachgewiesen.";/home/runner/work/Reticora-CMDB/Reticora-CMDB/docs/audit/04-ci-netz-rack-beziehungen-impact.md:29
CI-01;[B], Teilfelder [P2]/[P3];04;ABWEICHEND;High;L;"`/home/runner/work/Reticora-CMDB/Reticora-CMDB/backend/internal/ci/model.go:7–59`; `/home/runner/work/Reticora-CMDB/Reticora-CMDB/backend/internal/ci/handler.go:140–159`; `/home/runner/work/Reticora-CMDB/Reticora-CMDB/backend/internal/ci/enums.go:6–61`";"Statuswerte/Default active stimmen; discovery_source fehlt import, mehrere geforderte Spalten/DTO-Felder fehlen. Create ignoriert sogar deklarierte Standort-/Hardware-/Netz-/OS-Felder und lässt IsManual=false; spätere Owner/Health-Felder separat phasenbewertet.";/home/runner/work/Reticora-CMDB/Reticora-CMDB/docs/audit/04-ci-netz-rack-beziehungen-impact.md:30
CI-02;[B];04;ABWEICHEND;Medium;M;"`/home/runner/work/Reticora-CMDB/Reticora-CMDB/backend/migrations/000002_ci_type_system.up.sql:60–68`; `/home/runner/work/Reticora-CMDB/Reticora-CMDB/backend/migrations/000021_spec_alignment.up.sql:32–47`; `/home/runner/work/Reticora-CMDB/Reticora-CMDB/backend/migrations/000055_cmdb_extensions.up.sql:317–322`";Org/Typ, Org/Status, partielle Serial/Hardware-UUID/IP und GIN-FTS simple vorhanden. Locationindex nur einspaltig, Org/Asset-/Org/Parent-CI-Indizes fehlen und attributes-GIN nutzt nicht jsonb_path_ops.;/home/runner/work/Reticora-CMDB/Reticora-CMDB/docs/audit/04-ci-netz-rack-beziehungen-impact.md:31
CI-03;[B];04;ABWEICHEND;High;M;"`/home/runner/work/Reticora-CMDB/Reticora-CMDB/backend/internal/ci/service.go:114–124,136–150`; `/home/runner/work/Reticora-CMDB/Reticora-CMDB/backend/internal/citype/templates.go:38–45`; `/home/runner/work/Reticora-CMDB/Reticora-CMDB/backend/cmd/server/main.go:250`";Metamodell-/Regelvalidierung ist produktiv verdrahtet, sieht aber nur attributes. Ein typisiertes hostname erfüllt deshalb nicht automatisch die gleichnamige Pflichtfelddefinition, zusätzlich verwirft Create dessen Requestwert.;/home/runner/work/Reticora-CMDB/Reticora-CMDB/docs/audit/04-ci-netz-rack-beziehungen-impact.md:32
CI-04;[B];04;ABWEICHEND;Critical;L;"`/home/runner/work/Reticora-CMDB/Reticora-CMDB/backend/internal/ci/pg_repository.go:321–353`; `/home/runner/work/Reticora-CMDB/Reticora-CMDB/backend/internal/discovery/discovery.go:761–790`";"Flache JSONB-Konkatenation statt rekursivem Merge Patch/NULL-Löschen; keine automatischen Overrides. Discovery kann manuell korrigierte Namen/Attribute ohne Konfliktreview überschreiben; bestehende Historie bedeutet nicht, dass der effektive Bestand geschützt ist.";/home/runner/work/Reticora-CMDB/Reticora-CMDB/docs/audit/04-ci-netz-rack-beziehungen-impact.md:33
CI-05;[B];04;ABWEICHEND;High;L;"`/home/runner/work/Reticora-CMDB/Reticora-CMDB/backend/internal/ci/pg_repository.go:418–440`; `/home/runner/work/Reticora-CMDB/Reticora-CMDB/backend/internal/relationship/pg_repository.go:251–293`; `/home/runner/work/Reticora-CMDB/Reticora-CMDB/backend/migrations/000015_network_ipam.up.sql:4–7,39–44`";"Delete setzt deleted_at, nicht decommissioned; Beziehungen bleiben, Traversal stoppt aber nicht am gelöschten Zwischenknoten. Restore/90-Tage-Retention/Harddeletejob samt IP-Bereinigung und Asset-Unlink/Relink fehlen.";/home/runner/work/Reticora-CMDB/Reticora-CMDB/docs/audit/04-ci-netz-rack-beziehungen-impact.md:34
CI-06;[B];04;PARTIAL;Medium;L;"`/home/runner/work/Reticora-CMDB/Reticora-CMDB/backend/internal/ci/pg_repository.go:101–129,611–631`; `/home/runner/work/Reticora-CMDB/Reticora-CMDB/backend/internal/history/pg_repository.go:62–97`; `/home/runner/work/Reticora-CMDB/Reticora-CMDB/frontend/src/pages/CIDetailPage.tsx:125–209`";"Lesen, Name-/Statusfilter, separate FTS, Kontakte, changes und CI-Audit teilweise vorhanden. Standort-/Zeitangaben werden nicht vollständig übernommen/angezeigt; Unified-History liest entity_change, während normale CI-Mutationen ci_change schreiben.";/home/runner/work/Reticora-CMDB/Reticora-CMDB/docs/audit/04-ci-netz-rack-beziehungen-impact.md:35
CI-07;[P2], Health [P3];04;PARTIAL;Medium;L;"`/home/runner/work/Reticora-CMDB/Reticora-CMDB/backend/internal/ci/model.go:7–36`; `/home/runner/work/Reticora-CMDB/Reticora-CMDB/backend/internal/lifecycle/states.go:55–77`; `/home/runner/work/Reticora-CMDB/Reticora-CMDB/frontend/src/pages/CIDetailPage.tsx:204–208`";"Lifecycle ist separat gespeichert, wird aber nicht im CI-DTO geliefert; Tags nur freie Attribute, CI-Owner und abgeleitete Health fehlen. Fehlende spätere Teilfunktionen sind nicht als zusätzliche G1-Lücken gewertet.";/home/runner/work/Reticora-CMDB/Reticora-CMDB/docs/audit/04-ci-netz-rack-beziehungen-impact.md:36
CI-08;[P2];04;PARTIAL;Medium;L;"`/home/runner/work/Reticora-CMDB/Reticora-CMDB/backend/internal/savedview/filter.go:153–159`; `/home/runner/work/Reticora-CMDB/Reticora-CMDB/backend/internal/savedview/filter_test.go:23–56,86–102`";Tagfilter über attributes.tags besteht, kein Org-Tagkatalog mit Verwaltung und Bulk-Zuordnung. Dokument-/Ticket-Tags sind kein Nachweis für den CI-Vertrag.;/home/runner/work/Reticora-CMDB/Reticora-CMDB/docs/audit/04-ci-netz-rack-beziehungen-impact.md:37
CI-09;[B];04;PARTIAL;Medium;M;"`/home/runner/work/Reticora-CMDB/Reticora-CMDB/backend/internal/ci/indexing_repository.go:24–57`; `/home/runner/work/Reticora-CMDB/Reticora-CMDB/backend/internal/topology/topology.go:24–42,199–227`";"Assetfreie CIs können generisch an Beziehungen/Suche/Topologie/Impact teilnehmen; vollständiger Historien-/Impactnachweis fehlt. Der P2-Service-Blast-Radius-Fehler wird separat IMP-08 zugeordnet, nicht zur erfundenen Baseline-Pflicht gemacht.";/home/runner/work/Reticora-CMDB/Reticora-CMDB/docs/audit/04-ci-netz-rack-beziehungen-impact.md:38
CI-10;[B];04;ABWEICHEND;Critical;L;"`/home/runner/work/Reticora-CMDB/Reticora-CMDB/backend/internal/override/model.go:20–41`; `/home/runner/work/Reticora-CMDB/Reticora-CMDB/backend/internal/override/pg_repository.go:142–181`; `/home/runner/work/Reticora-CMDB/Reticora-CMDB/backend/internal/ci/pg_repository.go:19–48,194–214`";"Separate ci_field_value-Tabelle statt verlangter Namespaces; Ränge/_instance und konsistente effektive CI-GET-Sicht fehlen. Manuelle Autooverrides fehlen (CI-04); zusätzlich erlaubt ci:write Override-Löschung ohne override:write.";/home/runner/work/Reticora-CMDB/Reticora-CMDB/docs/audit/04-ci-netz-rack-beziehungen-impact.md:39
CI-11;[B];04;FAIL;High;L;"`/home/runner/work/Reticora-CMDB/Reticora-CMDB/backend/internal/ci/model.go:63–84`; `/home/runner/work/Reticora-CMDB/Reticora-CMDB/backend/internal/discovery/discovery.go:753–790`";Weder Discovery-Upgrade generic_device→spezifisch noch manueller anderer Typwechsel implementiert. type_changed und Zielpflichtfelder als Befunde statt Blockade fehlen als Ablauf.;/home/runner/work/Reticora-CMDB/Reticora-CMDB/docs/audit/04-ci-netz-rack-beziehungen-impact.md:40
CI-12;[B];04;FAIL;High;L;"`/home/runner/work/Reticora-CMDB/Reticora-CMDB/backend/internal/discovery/review.go:285–310`; `/home/runner/work/Reticora-CMDB/Reticora-CMDB/backend/internal/ci/handler.go`";Kein CI-Merge/Unmerge einschließlich Referenzübernahme, Overridekonflikten, Tombstone, 301/12 Monate, Snapshot/30 Tage und Parallelitätsvertrag. Der gleichnamige Reviewvorgang aktualisiert nur einige Felder eines Kandidaten.;/home/runner/work/Reticora-CMDB/Reticora-CMDB/docs/audit/04-ci-netz-rack-beziehungen-impact.md:41
CI-13;[B];04;ABWEICHEND;High;L;"`/home/runner/work/Reticora-CMDB/Reticora-CMDB/backend/internal/discovery/discovery.go:669–734`; `/home/runner/work/Reticora-CMDB/Reticora-CMDB/backend/internal/ci/pg_repository.go:96–98`; `/home/runner/work/Reticora-CMDB/Reticora-CMDB/backend/internal/discovery/review.go:16–24`";"Identitätsabgleich verwendet eine Liste ohne softgelöschte CIs, danach folgt bei fehlendem Match Neuanlage. resurrected_device fehlt; damit keine garantierte menschliche Entscheidung vor einem Duplikat.";/home/runner/work/Reticora-CMDB/Reticora-CMDB/docs/audit/04-ci-netz-rack-beziehungen-impact.md:42
LCY-01;[B];04;PARTIAL;Low;S;"`/home/runner/work/Reticora-CMDB/Reticora-CMDB/backend/internal/ci/enums.go:6–23`; `/home/runner/work/Reticora-CMDB/Reticora-CMDB/backend/internal/lifecycle/states.go:55–77`";"Operativer Status und Lifecycle sind getrennt; keine zusätzliche Modellabweichung festgestellt. Ohne vollständigen Testnachweis kein PASS; Löschstatusproblem separat CI-05.";/home/runner/work/Reticora-CMDB/Reticora-CMDB/docs/audit/04-ci-netz-rack-beziehungen-impact.md:43
LCY-02;[P2];04;ABWEICHEND;High;L;"`/home/runner/work/Reticora-CMDB/Reticora-CMDB/backend/internal/lifecycle/service.go:30–63`; `/home/runner/work/Reticora-CMDB/Reticora-CMDB/backend/internal/lifecycle/pg_repository.go:39–96`; `/home/runner/work/Reticora-CMDB/Reticora-CMDB/backend/migrations/000055_cmdb_extensions.up.sql:227–267`";"Graph und neun physische States bestehen; PostgreSQL-Transition lädt über List jedoch keine States und lehnt Zielzustände ab. Softwarestandard, Anwendungsbereichsprüfung nur für Software-CIs und vollständige Vererbung/Guards fehlen.";/home/runner/work/Reticora-CMDB/Reticora-CMDB/docs/audit/04-ci-netz-rack-beziehungen-impact.md:44
LCY-03;[P2];04;ABWEICHEND;High;L;"`/home/runner/work/Reticora-CMDB/Reticora-CMDB/backend/internal/lifecycle/service.go:94–104,122–130`; `/home/runner/work/Reticora-CMDB/Reticora-CMDB/backend/migrations/000055_cmdb_extensions.up.sql:232–241`";Pflichtfelder sind nur nichtleere Kontextwerte statt geprüfter persistierter Standort-/Zuweisungs-/Entsorgungsreferenzen. deployed fordert deployment_location statt der geforderten Standort-und/oder-Assignee-Semantik.;/home/runner/work/Reticora-CMDB/Reticora-CMDB/docs/audit/04-ci-netz-rack-beziehungen-impact.md:45
LCY-04;[P3];04;OFFEN;–;–;"`/home/runner/work/Reticora-CMDB/Reticora-CMDB/backend/internal/ci/service.go:114–124`; `/home/runner/work/Reticora-CMDB/Reticora-CMDB/backend/internal/workflow/executor.go:194–216`";Generische Regeln/Workflowaktionen vorhanden, aber kein Lifecycle-gebundenes Sperr-/Automationssystem. Keine später fällige Funktion aus vorhandenen generischen Bausteinen als fertig abgeleitet.;/home/runner/work/Reticora-CMDB/Reticora-CMDB/docs/audit/04-ci-netz-rack-beziehungen-impact.md:46
LCY-05;[B];04;FAIL;High;L;"`/home/runner/work/Reticora-CMDB/Reticora-CMDB/backend/internal/discovery/discovery.go:770–790`; `/home/runner/work/Reticora-CMDB/Reticora-CMDB/backend/internal/ci/handler.go:140–159`; CI-Typ-/Migrationssuche ohne is_observable";"Kein entsprechender CI-Offlinedetektor; is_observable fehlt und manuelles Create setzt IsManual nicht. Collector-/Agent-Offlinestatus ersetzt die geforderte UND-Verknüpfung der CI-Bedingungen nicht.";/home/runner/work/Reticora-CMDB/Reticora-CMDB/docs/audit/04-ci-netz-rack-beziehungen-impact.md:47
LCY-06;[P3];04;OFFEN;–;–;"`/home/runner/work/Reticora-CMDB/Reticora-CMDB/backend/internal/monitoring/evaluator.go:94–154`; `/home/runner/work/Reticora-CMDB/Reticora-CMDB/backend/internal/ci/model.go:7–36`";Kein CI-Health-Feld mit ok/warning/critical/unknown und keine gemeinsame Alert-/Finding-Aggregation. Nicht manuell setzbar mangels Funktion ist keine Erfüllung des Berechnungsvertrags.;/home/runner/work/Reticora-CMDB/Reticora-CMDB/docs/audit/04-ci-netz-rack-beziehungen-impact.md:48
NET-01;[B];04;ABWEICHEND;High;M;"`/home/runner/work/Reticora-CMDB/Reticora-CMDB/backend/migrations/000015_network_ipam.up.sql:4–20,98–100`; `/home/runner/work/Reticora-CMDB/Reticora-CMDB/backend/internal/ipam/model.go:82–124`";"Interfacegrundmodell existiert, aber if_index, mtu, vlan_id-FK, miss_count, UNIQUE(ci,name) und Index(org,mac) fehlen; mac_address/interface_type ersetzen die verlangten Feldnamen nicht wortgetreu.";/home/runner/work/Reticora-CMDB/Reticora-CMDB/docs/audit/04-ci-netz-rack-beziehungen-impact.md:49
NET-02;[B];04;ABWEICHEND;High;L;"`/home/runner/work/Reticora-CMDB/Reticora-CMDB/backend/migrations/000015_network_ipam.up.sql:22–37`; `/home/runner/work/Reticora-CMDB/Reticora-CMDB/backend/internal/ipam/model.go:7–46`";"Org/Client/Site/CIDR/Gateway bestehen, aber vrf_id und Default global fehlen; UNIQUE(org,cidr) verhindert identische CIDRs derselben Org auch für getrennte VRFs, nicht allgemein unterschiedliche überlappende Präfixe. vlan_id ist nur Integer, kein verwalteter VLAN-Bezug.";/home/runner/work/Reticora-CMDB/Reticora-CMDB/docs/audit/04-ci-netz-rack-beziehungen-impact.md:50
NET-03;[B];04;ABWEICHEND;High;L;"`/home/runner/work/Reticora-CMDB/Reticora-CMDB/backend/migrations/000015_network_ipam.up.sql:39–53`; `/home/runner/work/Reticora-CMDB/Reticora-CMDB/backend/migrations/000031_schema_corrections.up.sql:20–29`";"last_seen_at und optionale Subnetz-/Interfacebezüge bestehen; status active/reserved/deprecated/dhcp/available statt type discovered/reserved/static/dhcp. Finale Teilindizes unterscheiden Interface NULL, enthalten aber kein vrf_id.";/home/runner/work/Reticora-CMDB/Reticora-CMDB/docs/audit/04-ci-netz-rack-beziehungen-impact.md:51
NET-04;[B];04;N/P;–;–;"`/home/runner/work/Reticora-CMDB/Reticora-CMDB/backend/migrations/000015_network_ipam.up.sql:55–70`; `/home/runner/work/Reticora-CMDB/Reticora-CMDB/backend/internal/rack/handler.go:36–40`";"Kabelmodell und CRUD vorhanden; „cable(...) unverändert“ enthält nicht die vollständigen Sollfelder/-regeln aus v2. Keine Vollkonformität aus dem vorhandenen Modell rekonstruiert.";/home/runner/work/Reticora-CMDB/Reticora-CMDB/docs/audit/04-ci-netz-rack-beziehungen-impact.md:52
NET-05;[B];04;PARTIAL;High;L;"`/home/runner/work/Reticora-CMDB/Reticora-CMDB/backend/internal/ipam/handler.go:23–41`; `/home/runner/work/Reticora-CMDB/Reticora-CMDB/backend/internal/rack/handler.go:36–40`";Subnetz-/Kabel-CRUD, IPs pro Subnetz und Interfaces pro CI sind registriert. VRF-/VLAN-Ressourcen und deren CRUD fehlen vollständig.;/home/runner/work/Reticora-CMDB/Reticora-CMDB/docs/audit/04-ci-netz-rack-beziehungen-impact.md:53
NET-06;[P2];04;OFFEN;–;–;"`/home/runner/work/Reticora-CMDB/Reticora-CMDB/backend/internal/ipam/`; `/home/runner/work/Reticora-CMDB/Reticora-CMDB/backend/internal/discovery/`; `/home/runner/work/Reticora-CMDB/Reticora-CMDB/backend/migrations/`";"Keine VRF-bezogene Duplikaterkennung mit Review duplicate_ip implementiert; ein Unique-Constraint ist kein menschlicher Klärungsprozess. Späterer, fehlender Funktionsumfang.";/home/runner/work/Reticora-CMDB/Reticora-CMDB/docs/audit/04-ci-netz-rack-beziehungen-impact.md:54
NET-07;[P4];04;OFFEN;–;–;"`/home/runner/work/Reticora-CMDB/Reticora-CMDB/backend/internal/rack/handler.go:36–40`; `/home/runner/work/Reticora-CMDB/Reticora-CMDB/api/openapi.yaml`";"Verkabelungs-Workflow nicht gefunden; CRUD ist keine Umsetzung des späteren Workflows. Dessen genauer Ablauf bleibt im gelieferten Wortlaut offen.";/home/runner/work/Reticora-CMDB/Reticora-CMDB/docs/audit/04-ci-netz-rack-beziehungen-impact.md:55
NET-08;[B];04;FAIL;High;M;"`/home/runner/work/Reticora-CMDB/Reticora-CMDB/backend/migrations/000015_network_ipam.up.sql:29`; `/home/runner/work/Reticora-CMDB/Reticora-CMDB/backend/internal/ipam/model.go:14`; Gesamtmigrations-/Routensuche ohne vlan-Tabelle.";"vlan-Tabelle mit Org/Site/Nummer/Name/Beschreibung und UNIQUE mit COALESCE(site_id) fehlt; die Subnetznummer ersetzt den Katalog nicht.";/home/runner/work/Reticora-CMDB/Reticora-CMDB/docs/audit/04-ci-netz-rack-beziehungen-impact.md:56
NET-09;[P2];04;PARTIAL;High;M;"`/home/runner/work/Reticora-CMDB/Reticora-CMDB/backend/internal/ipam/model.go:132–135`; `/home/runner/work/Reticora-CMDB/Reticora-CMDB/backend/internal/ipam/handler.go:240–290`";"reserved ist über generisches POST /ip-addresses nutzbar; verlangtes POST /subnets/{id}/reservations und Review bei Konflikt mit Discovery fehlen. Der vorhandene Asset-Reservierungsdienst ist keine IP-Reservierung.";/home/runner/work/Reticora-CMDB/Reticora-CMDB/docs/audit/04-ci-netz-rack-beziehungen-impact.md:57
RCK-01;[B];04;ABWEICHEND;High;M;"`/home/runner/work/Reticora-CMDB/Reticora-CMDB/backend/migrations/000021_spec_alignment.up.sql:112–131`; `/home/runner/work/Reticora-CMDB/Reticora-CMDB/backend/internal/rack/repository.go:47–67`; `/home/runner/work/Reticora-CMDB/Reticora-CMDB/backend/internal/rack/pg_repository.go:231–257`";"DB-Constraint schließt both aus; Go überspringt both auf beiden Seiten ebenfalls. Höhenformel stimmt, Fehler ist aber 400 statt 409; keine Sperre für Kompositionskinder.";/home/runner/work/Reticora-CMDB/Reticora-CMDB/docs/audit/04-ci-netz-rack-beziehungen-impact.md:58
RCK-02;[B];04;ABWEICHEND;High;M;`/home/runner/work/Reticora-CMDB/Reticora-CMDB/backend/internal/rack/handler.go:23–40,52–60`;"GET layout und PUT mounts/{ci_id} fehlen; stattdessen GET/POST mounts und PATCH rack-mounts/{id}. Der vorhandene Funktionsersatz hat falschen Routen-/Fehlervertrag.";/home/runner/work/Reticora-CMDB/Reticora-CMDB/docs/audit/04-ci-netz-rack-beziehungen-impact.md:59
RCK-03;[B];04;ABWEICHEND;High;L;"`/home/runner/work/Reticora-CMDB/Reticora-CMDB/backend/internal/rack/pg_repository.go:231–327`; `/home/runner/work/Reticora-CMDB/Reticora-CMDB/backend/internal/rack/handler.go:257–286`";"Umpositionieren und Unmount existieren, schreiben aber nur rack_mount; Standortübernahme nach DB-05 sowie ci_change und Audit fehlen.";/home/runner/work/Reticora-CMDB/Reticora-CMDB/docs/audit/04-ci-netz-rack-beziehungen-impact.md:60
REL-01;[B];04;ABWEICHEND;High;L;"`/home/runner/work/Reticora-CMDB/Reticora-CMDB/backend/migrations/000055_cmdb_extensions.up.sql:95–161`; `/home/runner/work/Reticora-CMDB/Reticora-CMDB/backend/internal/relationshiptype/model.go:45–79`";"Katalog vorhanden, aber impact_direction/redundant fehlen, Feld-/Kategorievertrag weicht ab; connected_to ist im Seed directed. Strukturschlüssel sind speicherbar statt nur projiziert.";/home/runner/work/Reticora-CMDB/Reticora-CMDB/docs/audit/04-ci-netz-rack-beziehungen-impact.md:61
REL-02;[B];04;ABWEICHEND;High;L;"`/home/runner/work/Reticora-CMDB/Reticora-CMDB/backend/migrations/000006_ci_relationships.up.sql:3–27`; `/home/runner/work/Reticora-CMDB/Reticora-CMDB/backend/internal/relationship/relationship.go:19–49,354–356`";"Interface-Endpunkte, last_confirmed_at, verified_by/at und metadata-Vertrag fehlen; Confidence nur HTTP-seitig begrenzt. UNIQUE ohne Interface-Sentinels deckt (org,source) als führendes Präfix ab; dedizierte Sollindizes, insbesondere (org,target), fehlen.";/home/runner/work/Reticora-CMDB/Reticora-CMDB/docs/audit/04-ci-netz-rack-beziehungen-impact.md:62
REL-03;[B];04;ABWEICHEND;High;M;"`/home/runner/work/Reticora-CMDB/Reticora-CMDB/backend/internal/discovery/topology.go:168–188`; `/home/runner/work/Reticora-CMDB/Reticora-CMDB/backend/internal/discovery/pg_repository.go:514–529`";"Suppressions werden gelesen, aber Ladefehler deaktivieren die Prüfung; der gespeicherte Typ wird bei Paarbildung ignoriert. Löschpfad erzeugt keine Suppression (REL-04).";/home/runner/work/Reticora-CMDB/Reticora-CMDB/docs/audit/04-ci-netz-rack-beziehungen-impact.md:63
REL-04;[B];04;ABWEICHEND;High;M;"`/home/runner/work/Reticora-CMDB/Reticora-CMDB/backend/internal/relationship/relationship.go:328–399,452–466`; `/home/runner/work/Reticora-CMDB/Reticora-CMDB/backend/internal/relationship/pg_repository.go:228–238`";POST ist standardmäßig manual/verifiziert, DELETE löscht jedoch ohne Herkunfts-/force-Prüfung und ohne Suppression. Dadurch kann Discovery die gerade entfernte Kante erneut erzeugen.;/home/runner/work/Reticora-CMDB/Reticora-CMDB/docs/audit/04-ci-netz-rack-beziehungen-impact.md:64
REL-05;[B];04;PARTIAL;Medium;S;`/home/runner/work/Reticora-CMDB/Reticora-CMDB/backend/internal/discovery/topology.go:191–213`, upsertRelationship;"Bestehende Kanten werden von Discovery unverändert belassen; kein Discovery-Löschpfad für manuelle Kanten gefunden. Ohne gezielten Regressionstest und ausgeführten Integrationsnachweis kein PASS.";/home/runner/work/Reticora-CMDB/Reticora-CMDB/docs/audit/04-ci-netz-rack-beziehungen-impact.md:65
REL-06;[P2];04;ABWEICHEND;Medium;L;"`/home/runner/work/Reticora-CMDB/Reticora-CMDB/backend/internal/relationshiptype/handler.go:21–27,62–118`; `/home/runner/work/Reticora-CMDB/Reticora-CMDB/backend/internal/relationshiptype/model.go:29–79`";"Custom-Type-CRUD besteht, aber ohne alle REL-01-Felder; monitored_by und belongs_to fehlen. managed_by/backed_up_by/uses besitzen nicht die geforderte Impact-Semantik.";/home/runner/work/Reticora-CMDB/Reticora-CMDB/docs/audit/04-ci-netz-rack-beziehungen-impact.md:66
REL-07;[P2];04;OFFEN;–;–;"`/home/runner/work/Reticora-CMDB/Reticora-CMDB/backend/internal/relationship/relationship.go:39–62,415–436`; `/home/runner/work/Reticora-CMDB/Reticora-CMDB/backend/internal/relationshiptype/model.go:29–40`";"Freie Beziehungsattribute sind vorhanden, aber kein eigenes Typ-Metadatenschema mit darauf beruhender Validierung; Interface-Endpunkte fehlen ebenfalls. Das spätere Schema-Subsystem ist nicht implementiert.";/home/runner/work/Reticora-CMDB/Reticora-CMDB/docs/audit/04-ci-netz-rack-beziehungen-impact.md:67
REL-08;[B];04;ABWEICHEND;Medium;M;"`/home/runner/work/Reticora-CMDB/Reticora-CMDB/backend/internal/relationship/relationship.go:64–105,373–389`; `/home/runner/work/Reticora-CMDB/Reticora-CMDB/backend/internal/discovery/topology.go:193–209`";"Alle sieben Sollquellen plus zusätzlich rule; Verifikationszustände bestehen, nicht aber vollständige Quellen-Policy/Akteur/Zeit. Discovery legt Confidence in attributes ab und frischt bestehende Kanten bei Wiedersichtung nicht auf.";/home/runner/work/Reticora-CMDB/Reticora-CMDB/docs/audit/04-ci-netz-rack-beziehungen-impact.md:68
REL-09;[P2];04;PARTIAL;High;M;"`/home/runner/work/Reticora-CMDB/Reticora-CMDB/backend/internal/relationship/pg_repository.go:176–238`; `/home/runner/work/Reticora-CMDB/Reticora-CMDB/backend/internal/history/model.go:39–43`";Bearbeiten/Verifizieren per PATCH und UI umgesetzt, relationship_change-Vokabular vorhanden. Die Mutationen erzeugen den geforderten Historieneintrag jedoch nicht.;/home/runner/work/Reticora-CMDB/Reticora-CMDB/docs/audit/04-ci-netz-rack-beziehungen-impact.md:69
IMP-01;[B];04;ABWEICHEND;High;L;`/home/runner/work/Reticora-CMDB/Reticora-CMDB/backend/internal/topology/topology.go:199–227`, computeImpact;"Impact folgt Source→Target statt impact_direction; bei device powered_by pdu würde damit der Geräteausfall zur Versorgung statt der Versorgungsausfall zum Gerät propagieren. Vorhandene Tests bestätigen die falsche Semantik.";/home/runner/work/Reticora-CMDB/Reticora-CMDB/docs/audit/04-ci-netz-rack-beziehungen-impact.md:70
IMP-02;[B];04;ABWEICHEND;High;L;"`/home/runner/work/Reticora-CMDB/Reticora-CMDB/backend/internal/relationship/pg_repository.go:251–320`; `/home/runner/work/Reticora-CMDB/Reticora-CMDB/backend/internal/topology/topology.go:18–22,182–196`";CTE und Kantendeduplizierung existieren, jedoch maximal 10 statt 20 Hops. Ergebnispfade mit Typfolge, Kürzestpfadwahl, Kategorien und projizierte physical-Kanten fehlen.;/home/runner/work/Reticora-CMDB/Reticora-CMDB/docs/audit/04-ci-netz-rack-beziehungen-impact.md:71
IMP-03;[B];04;ABWEICHEND;High;M;`/home/runner/work/Reticora-CMDB/Reticora-CMDB/backend/internal/topology/topology.go:35–42,199–227`;connected_to propagiert gerichtet wie eine gesicherte Abhängigkeit, nicht bidirektional und nur als network-Heuristik zweiter Klasse. Antwort enthält kein Heuristikkennzeichen.;/home/runner/work/Reticora-CMDB/Reticora-CMDB/docs/audit/04-ci-netz-rack-beziehungen-impact.md:72
IMP-04;[B];04;FAIL;High;L;"`/home/runner/work/Reticora-CMDB/Reticora-CMDB/backend/internal/topology/topology.go:202–227`; `/home/runner/work/Reticora-CMDB/Reticora-CMDB/backend/internal/topology/impact.go:169–197`";"Kein Go-Redundanzpostfilter; ein erreichbarer Pfad genügt unabhängig von alternativen Quellen. Vorhandenes findSPOFs ist keine korrekte Ausfallmengen-/Redundanzberechnung.";/home/runner/work/Reticora-CMDB/Reticora-CMDB/docs/audit/04-ci-netz-rack-beziehungen-impact.md:73
IMP-05;[B];04;ABWEICHEND;High;L;`/home/runner/work/Reticora-CMDB/Reticora-CMDB/backend/internal/topology/topology.go:69–77,153–196`;"Einzelausfall unter /topology/cis/{id}/impact vorhanden; /impact?ci_ids=… und /impact/{ci_id} fehlen. Keine gemeinsame Mehrfachausfallanalyse, Kategorien oder betroffenen Pfade.";/home/runner/work/Reticora-CMDB/Reticora-CMDB/docs/audit/04-ci-netz-rack-beziehungen-impact.md:74
IMP-06;[B];04;ABWEICHEND;High;L;"`/home/runner/work/Reticora-CMDB/Reticora-CMDB/backend/internal/topology/topology.go:18–22,99–120,232–234`; `/home/runner/work/Reticora-CMDB/Reticora-CMDB/frontend/src/pages/TopologyPage.tsx:92–112,171–207`";"Ohne Root werden bis 10.000 CIs geladen und die Gesamtzahl ignoriert, statt über 2.000 mit 422 abzubrechen. Kategorien fehlen; UI-Typfilter verwendet Schlüssel statt der erwarteten CI-Typ-ID.";/home/runner/work/Reticora-CMDB/Reticora-CMDB/docs/audit/04-ci-netz-rack-beziehungen-impact.md:75
IMP-07;[B];04;ABWEICHEND;Critical;L;"`/home/runner/work/Reticora-CMDB/Reticora-CMDB/backend/internal/relationship/pg_repository.go:251–293`; `/home/runner/work/Reticora-CMDB/Reticora-CMDB/backend/internal/topology/topology.go:307–317,383–391`; `/home/runner/work/Reticora-CMDB/Reticora-CMDB/backend/internal/identity/handler.go:271–276`";"Up/down, Zyklenbegrenzung und nachträgliches Entfernen unsichtbarer Knoten vorhanden, aber CTE traversiert vor deren Prüfung; fehlende autoritative Session-Scopes wirken bis zur Topologie fort. maxNodes unterscheidet sich außerdem zwischen PostgreSQL und Memory.";/home/runner/work/Reticora-CMDB/Reticora-CMDB/docs/audit/04-ci-netz-rack-beziehungen-impact.md:76
IMP-08;[P2];04;ABWEICHEND;High;L;`/home/runner/work/Reticora-CMDB/Reticora-CMDB/backend/internal/topology/impact.go:84–135,166–197`;"Blast Radius existiert mit CIs, Clients, Sites und SPOF-Feld; AffectedServices bleibt leer, weil services nie befüllt wird. SPOF zählt eingehende Kanten ohne korrekte Typ-/Redundanzsemantik.";/home/runner/work/Reticora-CMDB/Reticora-CMDB/docs/audit/04-ci-netz-rack-beziehungen-impact.md:77
IMP-09;[B];04;PARTIAL;High;L;"`/home/runner/work/Reticora-CMDB/Reticora-CMDB/backend/internal/discovery/topology.go:79–117,193–213`; `/home/runner/work/Reticora-CMDB/Reticora-CMDB/collector/plugins/power/power.go:173–195`";PDU/USV-Erkennung und Übernahme vorgegebener powered_by-Kanten bestehen. Vollständige Versorgungskette, redundante Einspeisungen und Outlet-Mapping als Kantengenerator fehlen.;/home/runner/work/Reticora-CMDB/Reticora-CMDB/docs/audit/04-ci-netz-rack-beziehungen-impact.md:78
IMP-10;[P2];04;ABWEICHEND;Medium;M;"`/home/runner/work/Reticora-CMDB/Reticora-CMDB/backend/internal/relationshiptype/model.go:11–40`; `/home/runner/work/Reticora-CMDB/Reticora-CMDB/backend/internal/topology/topology.go:50–66,202–227`";Custom-Kanten werden einbezogen, aber pauschal Source→Target, selbst bei impact_participation=false. Keine Teilnahme nach dem fehlenden impact_direction.;/home/runner/work/Reticora-CMDB/Reticora-CMDB/docs/audit/04-ci-netz-rack-beziehungen-impact.md:79
IMP-11;[P2];04;OFFEN;–;–;"`/home/runner/work/Reticora-CMDB/Reticora-CMDB/backend/internal/ipam/model.go:7–20,49–60,83–98`; `/home/runner/work/Reticora-CMDB/Reticora-CMDB/backend/internal/topology/topology.go:24–55,232–267`";"Kein Subnetz-/VLAN-Projektionssystem im Graphen; Topologie verwendet nur CI-/Beziehungsrepositories. Separate IPAM-Daten begründen noch keine Umsetzung der späteren Projektion.";/home/runner/work/Reticora-CMDB/Reticora-CMDB/docs/audit/04-ci-netz-rack-beziehungen-impact.md:80
PRI-07;Grundsatz (ohne Tag);05;ABWEICHEND;High;L;"`/home/runner/work/Reticora-CMDB/Reticora-CMDB/collector/collectorcmd/collectorcmd.go:175–193,790–812`; `/home/runner/work/Reticora-CMDB/Reticora-CMDB/backend/cmd/agent/main.go:83–127`";"Cloud-Uploads werden ausgehend initiiert, URLs erlauben jedoch HTTP/beliebige Ports statt festem HTTPS443/NATS-mTLS4222-Vertrag. Verbot SaaS→Kundennetz nicht als allgemeine Egressregel nachgewiesen; lokale Discovery-Probes und lokaler Trapreceiver sind kein Verstoß.";/home/runner/work/Reticora-CMDB/Reticora-CMDB/docs/audit/05-collector-discovery-reconciliation.md:32
GLO-12;[B];05;ABWEICHEND;High;L;"`/home/runner/work/Reticora-CMDB/Reticora-CMDB/backend/internal/discovery/discovery.go:38–79,687–697,874–880`; `/home/runner/work/Reticora-CMDB/Reticora-CMDB/backend/internal/override/pg_repository.go:118–131`";"Ingest/Provenienz nutzen Serverzeit statt observed_at; das Eingabefeld fehlt bereits. Keine Ablehnung/Zählung von Records >5min Zukunft, keine Quellzeitordnung.";/home/runner/work/Reticora-CMDB/Reticora-CMDB/docs/audit/05-collector-discovery-reconciliation.md:33
COL-01;[B];05;ABWEICHEND;High;M;"`/home/runner/work/Reticora-CMDB/Reticora-CMDB/backend/migrations/000008_discovery.up.sql:3–14`; `/home/runner/work/Reticora-CMDB/Reticora-CMDB/backend/internal/discovery/discovery.go:24–36`; `/home/runner/work/Reticora-CMDB/Reticora-CMDB/backend/internal/discovery/pg_repository.go:143–157`";"Statusmenge online/offline/degraded statt pending/active/offline/disabled/paused; Site, cert_fingerprint/not_after und Entitlement-pause fehlen. Tokenmodell separat vorhanden; Heartbeat setzt online.";/home/runner/work/Reticora-CMDB/Reticora-CMDB/docs/audit/05-collector-discovery-reconciliation.md:34
COL-02;[B];05;ABWEICHEND;Critical;L;"`/home/runner/work/Reticora-CMDB/Reticora-CMDB/backend/internal/credential/handler.go:125–143`; `/home/runner/work/Reticora-CMDB/Reticora-CMDB/backend/internal/platform/crypto/crypto.go:80–140`; `/home/runner/work/Reticora-CMDB/Reticora-CMDB/collector/plugins/redfish/redfish.go:41–46,78–95`";"Org-DEK/AES256-GCM/Master-Key-Wrapping bestehen, aber credential:read kann Klartext per /decrypt abrufen; verschlüsseltes NATS-Bundle fehlt. Aktiviertes Redfish sendet gemeinsame SSH-Zugangsdaten an gescannte Ziele ohne Zertifikatsprüfung.";/home/runner/work/Reticora-CMDB/Reticora-CMDB/docs/audit/05-collector-discovery-reconciliation.md:35
COL-03;[P4];05;OFFEN;—;L;"`/home/runner/work/Reticora-CMDB/Reticora-CMDB/backend/internal/platform/crypto/crypto.go:37–58`; `/home/runner/work/Reticora-CMDB/Reticora-CMDB/backend/internal/credential/credential.go:116–128`";"Lokaler Environment-Master-Key, keine zentrale KMS-/Vault-Provideranbindung gefunden; ausdrücklich späterer P4-Umfang.";/home/runner/work/Reticora-CMDB/Reticora-CMDB/docs/audit/05-collector-discovery-reconciliation.md:36
COL-04;[B];05;ABWEICHEND;High;L;"`/home/runner/work/Reticora-CMDB/Reticora-CMDB/backend/internal/discovery/discovery.go:497–582`; `/home/runner/work/Reticora-CMDB/Reticora-CMDB/backend/internal/discovery/pg_repository.go:563–620`; `/home/runner/work/Reticora-CMDB/Reticora-CMDB/edgecore/enrollment/enrollment.go:18–35,50–73`";"Tokenhash/Ablauf bestehen, Default30min statt24h; paralleler Verbrauch kann mehrere Collectorregistrierungen erlauben. Kein CSR-Zertifikat, Bootstrap-ENV/CN-Bindung, 90d/60%-Erneuerung, Dual-Trust oder disabled→CRL/NATS-Sperre/Disconnect.";/home/runner/work/Reticora-CMDB/Reticora-CMDB/docs/audit/05-collector-discovery-reconciliation.md:37
COL-05;[B];05;ABWEICHEND;Critical;L;"`/home/runner/work/Reticora-CMDB/Reticora-CMDB/collector/collectorcmd/collectorcmd.go:285–294,455–505,790–801`; `/home/runner/work/Reticora-CMDB/Reticora-CMDB/edgecore/buffer/buffer.go:94–186,223–260`";"Heartbeat60s und begrenzter Spool bestehen, aber kein Offline-Übergang nach5min; aktuelle Daten werden vor Rückstau gesendet. Unbestätigte Datensätze werden bei Alter/Limit entfernt, ohne fachliche Verlustmeldung; Quellzeit fehlt.";/home/runner/work/Reticora-CMDB/Reticora-CMDB/docs/audit/05-collector-discovery-reconciliation.md:38
COL-06;[B], Air-Gapped [O];05;ABWEICHEND;High;L;"`/home/runner/work/Reticora-CMDB/Reticora-CMDB/edgecore/update/update.go:18–26,66–151`; `/home/runner/work/Reticora-CMDB/Reticora-CMDB/collector/Dockerfile:1–19`; `/home/runner/work/Reticora-CMDB/Reticora-CMDB/deploy/README.md:201–231`";"Nicht angeschlossener Updater mit optionaler SHA-Prüfung/Backup statt signierter Auto-Updates, stable/beta und Fehlstart-Rollback. Docker/VM-Installationsanleitung vorhanden, keine OVA-/Windows-Paketierung; optionales Offline-Bundle offen.";/home/runner/work/Reticora-CMDB/Reticora-CMDB/docs/audit/05-collector-discovery-reconciliation.md:39
COL-07;[A], Relay [P4];05;ABWEICHEND;High;L;"`/home/runner/work/Reticora-CMDB/Reticora-CMDB/collector/collectorcmd/collectorcmd.go:129–131,441–450,475–500,701–775`; `/home/runner/work/Reticora-CMDB/Reticora-CMDB/backend/internal/iga/connector.go:209–246`";"Vorhandenes Agent-Relay spult Agentdaten als Discoverydaten und spielt sie an den falschen Endpunkt zurück. IGA-Relay erzeugt Jobs; separater Writer-Host mit eigenem Enrollment/Credentials/Least-Privilege-Identität nicht gefunden, späterer Teil offen.";/home/runner/work/Reticora-CMDB/Reticora-CMDB/docs/audit/05-collector-discovery-reconciliation.md:40
COL-08;[B];05;ABWEICHEND;High;L;"`/home/runner/work/Reticora-CMDB/Reticora-CMDB/deploy/docker-compose/nginx-tls.conf.template:42–71`; `/home/runner/work/Reticora-CMDB/Reticora-CMDB/deploy/docker-compose/docker-compose.yml:48–59`; `/home/runner/work/Reticora-CMDB/Reticora-CMDB/deploy/README.md:201–231`";"HTTPS443 vorhanden; Compose-NATS ohne TLS/Clientzertifikate nur Cloud-Loopback4222 statt erreichbarem NATS-mTLS-Endpunkt. Outbound-Prinzip beschrieben, konkrete Kunden-Firewall-/Hostname-/TLS-Matrix fehlt.";/home/runner/work/Reticora-CMDB/Reticora-CMDB/docs/audit/05-collector-discovery-reconciliation.md:41
DIS-01;[B];05;ABWEICHEND;High;L;"`/home/runner/work/Reticora-CMDB/Reticora-CMDB/collector/plugins/sweep/sweep.go:14–21,44–143`; `/home/runner/work/Reticora-CMDB/Reticora-CMDB/collector/plugins/snmp/snmp.go:144–165`";"Sweep verwendet TCP mit Default 64, ohne harte Obergrenze 256, nicht ICMP/ARP; Ports 623/5985/8006 fehlen im Default, zusätzliche 3389/8080/8443. Reverse-DNS und separates UDP161-Probing vorhanden.";/home/runner/work/Reticora-CMDB/Reticora-CMDB/docs/audit/05-collector-discovery-reconciliation.md:42
DIS-02;[B], Profilliste (V);05;ABWEICHEND;High;L;"`/home/runner/work/Reticora-CMDB/Reticora-CMDB/collector/profiles/profiles.go:19–40,54–72,98–159`; `/home/runner/work/Reticora-CMDB/Reticora-CMDB/collector/collectorcmd/collectorcmd.go:264–282,795`; `/home/runner/work/Reticora-CMDB/Reticora-CMDB/backend/internal/discovery/discovery.go:635–666`";"21 JSON-Profile statt YAML; kein zentraler SNMP→Redfish→Banner-Ablauf und kein System-Template-Mapping. Unknown-Type-Review existiert, aber nicht zugleich garantierter generic_device-Fallback; konkrete Vorschlagsprofile separat abgeglichen.";/home/runner/work/Reticora-CMDB/Reticora-CMDB/docs/audit/05-collector-discovery-reconciliation.md:43
DIS-03;[B];05;ABWEICHEND;High;M;"`/home/runner/work/Reticora-CMDB/Reticora-CMDB/collector/plugins/plugin.go:7–45`; `/home/runner/work/Reticora-CMDB/Reticora-CMDB/collector/collectorcmd/collectorcmd.go:264–282`";Interface ist Name/Discover/Collect mit Result statt Name/Probe/Collect mit DeviceRecord. Hauptschleife ruft nur Discover, nicht die reichhaltigen Collect-Pfade auf.;/home/runner/work/Reticora-CMDB/Reticora-CMDB/docs/audit/05-collector-discovery-reconciliation.md:44
DIS-04;[B];05;ABWEICHEND;High;L;"`/home/runner/work/Reticora-CMDB/Reticora-CMDB/collector/plugins/snmp/snmp.go:152–153,194–223`; `/home/runner/work/Reticora-CMDB/Reticora-CMDB/collector/plugins/ssh/ssh.go:93–155`; `/home/runner/work/Reticora-CMDB/Reticora-CMDB/collector/plugins/`";"Acht Protokollplugins bestehen, SNMP ist tatsächlich v2c und SSH nur Banner/Command-Metadaten ohne Befehlsausführung. Redfish/WMI/NAS/IPMI/Strom haben Teilimplementierungen; weiterer „wie v2“-Umfang mangels Wortlaut N/P, nicht als vollständig bestanden angenommen.";/home/runner/work/Reticora-CMDB/Reticora-CMDB/docs/audit/05-collector-discovery-reconciliation.md:45
DIS-05;[B];05;ABWEICHEND;High;L;"`/home/runner/work/Reticora-CMDB/Reticora-CMDB/collector/plugins/plugin.go:7–38`; `/home/runner/work/Reticora-CMDB/Reticora-CMDB/collector/collectorcmd/collectorcmd.go:355–395`; `/home/runner/work/Reticora-CMDB/Reticora-CMDB/backend/internal/discovery/discovery.go:38–79`";DeviceRecord mit record_id/observed_at/VRF/Scope/Client/Site und strukturierten identity/classification/system/neighbors/power fehlt. Collector sendet ein Result-Array, Server erwartet collector_id/items mit anderem Feldvertrag.;/home/runner/work/Reticora-CMDB/Reticora-CMDB/docs/audit/05-collector-discovery-reconciliation.md:46
DIS-06;[P3], Zusatzprotokolle [O];05;PARTIAL;Medium;M;"`/home/runner/work/Reticora-CMDB/Reticora-CMDB/collector/plugins/snmp/trap.go:13–83`; `/home/runner/work/Reticora-CMDB/Reticora-CMDB/collector/collectorcmd/collectorcmd.go:557–569`";"SNMPv1/v2c-Trapreceiver ist implementiert und optional konfigurierbar; Events werden als Monitoringdaten hochgeladen. Fehlende optionale mDNS/SSDP/CDP/NetFlow/sFlow/STP-Funktionen sind keine Pflichtabweichung.";/home/runner/work/Reticora-CMDB/Reticora-CMDB/docs/audit/05-collector-discovery-reconciliation.md:47
DIS-07;[P4], IGA [A];05;PARTIAL;Medium;L;"`/home/runner/work/Reticora-CMDB/Reticora-CMDB/backend/internal/iga/model.go:7–8`; `/home/runner/work/Reticora-CMDB/Reticora-CMDB/backend/internal/iga/connector.go:27–70`";"IGA-Registry mit SCIM/Relay besteht als Add-on-Teilfunktion; generisches Discovery-Connectorframework samt genannten Integrationen/Provenienzrang nicht gefunden. Fehlender P4-Discoveryteil OFFEN, nicht G1-FAIL.";/home/runner/work/Reticora-CMDB/Reticora-CMDB/docs/audit/05-collector-discovery-reconciliation.md:48
DIS-08;[Q];05;PARTIAL;Medium;M;"`/home/runner/work/Reticora-CMDB/Reticora-CMDB/collector/collectorcmd/collectorcmd.go:275–296,463–501`; `/home/runner/work/Reticora-CMDB/Reticora-CMDB/frontend/src/pages/DiscoveryPage.tsx:112–187`";"Strukturierte Fehlerlogs und generische UI-APIfehler/Collectorstatus vorhanden; kein vollständiges Discovery-Fehlerzustandsmodell samt spezifischen Metriken und Job-/Scopefehlerdarstellung. Ein ausgefallenes Ziel wird vielfach nur übersprungen.";/home/runner/work/Reticora-CMDB/Reticora-CMDB/docs/audit/05-collector-discovery-reconciliation.md:49
DIS-09;[B];05;FAIL;High;L;"`/home/runner/work/Reticora-CMDB/Reticora-CMDB/backend/internal/discovery/jobs.go`; `/home/runner/work/Reticora-CMDB/Reticora-CMDB/backend/migrations/000008_discovery.up.sql`; Backend-/OpenAPI-Suche ohne discovery_scope/scope_suggested";discovery_scope-Modell mit Client/Site/VRF/Zeitplan/Credentials/Plugins/Laufergebnis und CRUD fehlt. Vorhandene Jobs und lokale ScanSubnet-Konfiguration ersetzen weder Scopes noch scope_suggested nach Enrollment.;/home/runner/work/Reticora-CMDB/Reticora-CMDB/docs/audit/05-collector-discovery-reconciliation.md:50
DIS-10;[B];05;ABWEICHEND;High;M;`/home/runner/work/Reticora-CMDB/Reticora-CMDB/collector/collectorcmd/collectorcmd.go:790–804,874–884`;"Ein Discovery-Ticker mit Default 15 min für alle Protokolle statt Sweep 24 h und getrennter Polls; Heartbeat 60 s stimmt. Metrikpolling default aus, keine Scope-/Orgsteuerung und keine Mindestintervallprüfung.";/home/runner/work/Reticora-CMDB/Reticora-CMDB/docs/audit/05-collector-discovery-reconciliation.md:51
REC-01;[B];05;FAIL;High;L;"`/home/runner/work/Reticora-CMDB/Reticora-CMDB/backend/internal/discovery/discovery.go:611–693`; `/home/runner/work/Reticora-CMDB/Reticora-CMDB/backend/internal/platform/events/nats.go:22–30,84–97`; `/home/runner/work/Reticora-CMDB/Reticora-CMDB/backend/internal/discovery/pg_repository.go:38–60`";ingest.>-Konsument mit vollständiger WithTenant-Transaktion, record_id/48h-Idempotenz und serieller Quellzeitordnung pro CI fehlt. Einzelne Repositorytransaktionen und sequenzielle HTTP-Batchschleife ersetzen diesen Vertrag nicht.;/home/runner/work/Reticora-CMDB/Reticora-CMDB/docs/audit/05-collector-discovery-reconciliation.md:52
REC-02;[B];05;ABWEICHEND;High;L;"`/home/runner/work/Reticora-CMDB/Reticora-CMDB/backend/internal/discovery/reconciliation.go:73–132,193–217,249–255,285–309`; `/home/runner/work/Reticora-CMDB/Reticora-CMDB/backend/internal/discovery/discovery.go:669–679,714–734`";"Grobe Folge Serial→UUID→MAC→IP→Hostname vorhanden, geforderte Qualifikationen/Blocklisten/Clientbindung fehlen. Hostname ist Auto-Match statt probable_duplicate mit neuem CI; IP verwendet Typ statt sysObjectID/VRF.";/home/runner/work/Reticora-CMDB/Reticora-CMDB/docs/audit/05-collector-discovery-reconciliation.md:53
REC-03;[B];05;ABWEICHEND;High;M;"`/home/runner/work/Reticora-CMDB/Reticora-CMDB/backend/internal/discovery/reconciliation.go:34–59`; `/home/runner/work/Reticora-CMDB/Reticora-CMDB/backend/internal/override/model.go:60–65`";"Istwerte weichen massiv ab, darunter manual20 und sweep30 statt100/20. import/workflow/integration/nas/override fehlen in der numerischen Tabelle; gemeinsame Automationspriorität und Schutz sind nicht durchgesetzt.";/home/runner/work/Reticora-CMDB/Reticora-CMDB/docs/audit/05-collector-discovery-reconciliation.md:54
REC-04;[P3];05;ABWEICHEND;High;L;"`/home/runner/work/Reticora-CMDB/Reticora-CMDB/backend/internal/override/model.go:51–97`; `/home/runner/work/Reticora-CMDB/Reticora-CMDB/backend/internal/override/handler.go:150–169`";"Orgweite SourcePolicy ohne Attributdimension/numerische Automationsränge; manual_override umsortierbar und ungeschützt verdrängbar. Discovery verwendet daneben seine feste Tabelle, nicht diese Policy.";/home/runner/work/Reticora-CMDB/Reticora-CMDB/docs/audit/05-collector-discovery-reconciliation.md:55
REC-05;[B];05;ABWEICHEND;High;L;"`/home/runner/work/Reticora-CMDB/Reticora-CMDB/backend/internal/discovery/reconciliation.go:135–148`; `/home/runner/work/Reticora-CMDB/Reticora-CMDB/backend/internal/discovery/discovery.go:753–790,874–913`";"Gleich-/höherrangige Werte gewinnen ohne Quellzeitprüfung, niedrigere nach7Tagen; Vergleich CI-weit statt feldweiser Provenienz. Nur protected-Overrides ausgenommen, abgewiesene Quelle kann trotzdem DiscoverySource herabsetzen.";/home/runner/work/Reticora-CMDB/Reticora-CMDB/docs/audit/05-collector-discovery-reconciliation.md:56
REC-06;[B];05;ABWEICHEND;High;M;"`/home/runner/work/Reticora-CMDB/Reticora-CMDB/backend/internal/discovery/reconciliation.go:156–168`; `/home/runner/work/Reticora-CMDB/Reticora-CMDB/backend/internal/discovery/discovery.go:756,808–825,884–888`; `/home/runner/work/Reticora-CMDB/Reticora-CMDB/backend/internal/discovery/review.go:65–95`";conflicting_values für Serial/UUID prinzipiell vorhanden. Bei niedrigem Rang wird etwa incoming Serial vor Reviewaufbau durch Altwert ersetzt, sodass der tatsächlich widersprechende Eingangswert verloren gehen kann.;/home/runner/work/Reticora-CMDB/Reticora-CMDB/docs/audit/05-collector-discovery-reconciliation.md:57
REC-07;[B];05;ABWEICHEND;High;L;"`/home/runner/work/Reticora-CMDB/Reticora-CMDB/backend/internal/discovery/discovery.go:69–73,770–790`; `/home/runner/work/Reticora-CMDB/Reticora-CMDB/backend/internal/ci/pg_repository.go:390–409,649–682`";"last_seen_at wird gesetzt, aber als ci_change protokolliert; unknown wird bei Match nicht zu active. Keine Interface-/IP-Entfernung nach drei Fehlbeobachtungen.";/home/runner/work/Reticora-CMDB/Reticora-CMDB/docs/audit/05-collector-discovery-reconciliation.md:58
REC-08;[B];05;ABWEICHEND;High;L;"`/home/runner/work/Reticora-CMDB/Reticora-CMDB/backend/internal/discovery/review.go:16–24,285–349`; `/home/runner/work/Reticora-CMDB/Reticora-CMDB/backend/migrations/000021_spec_alignment.up.sql:189–200`; `/home/runner/work/Reticora-CMDB/Reticora-CMDB/backend/internal/discovery/pg_repository.go:399–425`";"Drei statt zehn Reviewtypen; Aktionen merge/create/dismiss statt merge/new/dismiss/accept. review:resolve, Objekt-/Typ-Deduplizierung, Anlagebenachrichtigung und >14-Tage-Dashboardeskalation fehlen.";/home/runner/work/Reticora-CMDB/Reticora-CMDB/docs/audit/05-collector-discovery-reconciliation.md:59
REC-09;[B];05;FAIL;High;L;"`/home/runner/work/Reticora-CMDB/Reticora-CMDB/backend/cmd/server/main.go:266–291`; `/home/runner/work/Reticora-CMDB/Reticora-CMDB/backend/internal/discovery/discovery.go:770–790`; `/home/runner/work/Reticora-CMDB/Reticora-CMDB/backend/internal/agent/pg_repository.go:173–183`";Kein Detektor last_seen_at>3×Scopeintervall mit unknown und ci.offline für observable CIs. Agent-Heartbeatreaktivierung betrifft endpoint_agent, nicht diesen CI-Vertrag.;/home/runner/work/Reticora-CMDB/Reticora-CMDB/docs/audit/05-collector-discovery-reconciliation.md:60
REC-10;[B];05;PARTIAL;Medium;M;"`/home/runner/work/Reticora-CMDB/Reticora-CMDB/backend/internal/override/model.go:20–41`; `/home/runner/work/Reticora-CMDB/Reticora-CMDB/frontend/src/components/cmdb/CIDetailSections.tsx:211–290`; `/home/runner/work/Reticora-CMDB/Reticora-CMDB/backend/internal/discovery/discovery.go:743–751,797–804`";"API besitzt Discoverywert/-quelle/-zeit, Overridegrund und effektiven Wert. UI zeigt Werte/Quelle, nicht vollständige Zeit-/Auswahlbegründung als Tooltip; nicht alle typisierten Felder werden erfasst.";/home/runner/work/Reticora-CMDB/Reticora-CMDB/docs/audit/05-collector-discovery-reconciliation.md:61
REC-11;[P4];05;ABWEICHEND;High;L;`/home/runner/work/Reticora-CMDB/Reticora-CMDB/backend/internal/agent/handler.go:146–164,199–255`;"Agent und Discovery verwenden verschiedene Matcher; Agent verbindet über Name/Hostname statt gemeinsamer starker Identität. Vorhandene ag.CIID wird nicht als stabiles Ziel verwendet, genau ein CI nicht garantiert.";/home/runner/work/Reticora-CMDB/Reticora-CMDB/docs/audit/05-collector-discovery-reconciliation.md:62
REC-12;[B];05;PARTIAL;High;L;"`/home/runner/work/Reticora-CMDB/Reticora-CMDB/backend/internal/discovery/discovery.go:290–294,333–340`; `/home/runner/work/Reticora-CMDB/Reticora-CMDB/backend/internal/override/pg_repository.go:115–139,195–223`; `/home/runner/work/Reticora-CMDB/Reticora-CMDB/backend/internal/discovery/review.go:285–349`";"Discoverywert neben Override aktualisiert, Diverged-Rückgabe aber ignoriert; keine _observed-/override_conflict-Lebenszyklusintegration. Feld-Deduplizierung, accept mit Overrideentfernung und dismiss bis Wertwechsel fehlen.";/home/runner/work/Reticora-CMDB/Reticora-CMDB/docs/audit/05-collector-discovery-reconciliation.md:63
TOP-01;[B];05;ABWEICHEND;High;L;"`/home/runner/work/Reticora-CMDB/Reticora-CMDB/backend/internal/discovery/topology.go:16–17,91–130,202–209`; `/home/runner/work/Reticora-CMDB/Reticora-CMDB/backend/internal/relationship/pg_repository.go:125–161`";"Defaultconfidence0,5 auch LLDP statt1,0, kein FDB0,6-nur-ohne-LLDP oder >4MAC-Trunkfilter. Unbekannte Keys werden connected_to; Confidence in attributes statt dedizierter Spalte.";/home/runner/work/Reticora-CMDB/Reticora-CMDB/docs/audit/05-collector-discovery-reconciliation.md:64
TOP-02;[B];05;ABWEICHEND;High;L;"`/home/runner/work/Reticora-CMDB/Reticora-CMDB/backend/internal/discovery/topology.go:168–213`; `/home/runner/work/Reticora-CMDB/Reticora-CMDB/backend/internal/discovery/pg_repository.go:514–529`";"Paarbasierte Suppression vorhanden; Wiederbeobachtung erneuert bestehende Kante/last_seen_at nicht. Cleanup nach max(7Tage,5×Scopeintervall) mit Event fehlt.";/home/runner/work/Reticora-CMDB/Reticora-CMDB/docs/audit/05-collector-discovery-reconciliation.md:65
OVR-01;[B];05;ABWEICHEND;Critical;L;"`/home/runner/work/Reticora-CMDB/Reticora-CMDB/backend/internal/override/pg_repository.go:142–192`; `/home/runner/work/Reticora-CMDB/Reticora-CMDB/backend/internal/ci/pg_repository.go:194–214,330–353`; `/home/runner/work/Reticora-CMDB/Reticora-CMDB/backend/internal/discovery/discovery.go:753–790`";Separate Discovery-/Overridewerte mit Autor/Zeit/Grund vorhanden, normale CI-Sicht aber nicht einheitlich effektiv und Clear synchronisiert sie nicht. Normaler manueller PATCH erzeugt keinen Schutz und kann durch passenden Ingest ohne Freigabe überschrieben werden.;/home/runner/work/Reticora-CMDB/Reticora-CMDB/docs/audit/05-collector-discovery-reconciliation.md:66
OVR-02;[B];05;ABWEICHEND;Critical;L;"`/home/runner/work/Reticora-CMDB/Reticora-CMDB/backend/internal/discovery/discovery.go:761–790`; `/home/runner/work/Reticora-CMDB/Reticora-CMDB/backend/internal/discovery/topology.go:193–199`; `/home/runner/work/Reticora-CMDB/Reticora-CMDB/backend/internal/workflow/executor.go:194–216`";Discovery schützt explizit protected-Felder, Workflow set_ci_field umgeht diesen Schutz über rohes Repository. Kein Beleg pauschaler Asset-/Inventarbewegungen, aber nachgewiesenes stilles Überschreiben manueller/geschützter effektiver CI-Werte.;/home/runner/work/Reticora-CMDB/Reticora-CMDB/docs/audit/05-collector-discovery-reconciliation.md:67
OVR-03;[P2];05;ABWEICHEND;High;L;"`/home/runner/work/Reticora-CMDB/Reticora-CMDB/frontend/src/pages/CIListPage.tsx:71–89`; `/home/runner/work/Reticora-CMDB/Reticora-CMDB/backend/internal/ci/service.go:153–166`; `/home/runner/work/Reticora-CMDB/Reticora-CMDB/backend/internal/citype/pg_repository.go:175–248`";"Bulkstatus nutzt normale parallele PATCHes ohne neuen Override; gewöhnliche Änderungshistorie existiert. Kein vollständiger geschützter Template-Migrations-/Bulkpropagationsprozess.";/home/runner/work/Reticora-CMDB/Reticora-CMDB/docs/audit/05-collector-discovery-reconciliation.md:68
AUD-01;nicht angegeben;06;PARTIAL;–;L;"`/home/runner/work/Reticora-CMDB/Reticora-CMDB/backend/migrations/000016_contacts.up.sql:4–26`; `/home/runner/work/Reticora-CMDB/Reticora-CMDB/backend/internal/contact/model.go:7–19,46–69`; `/home/runner/work/Reticora-CMDB/Reticora-CMDB/backend/internal/contact/pg_repository.go:45–56,109–151`; K2: `/home/runner/work/Reticora-CMDB/Reticora-CMDB/docs/audit/06-audit-sicherheit-events.md:22,56–62`; `/home/runner/work/Reticora-CMDB/Reticora-CMDB/docs/spec/katalog-v3/00-grundlagen.md:31`";"contact/ci_contact und validierte Linkrollen vorhanden; Name/E-Mail/Telefon stehen unmittelbar in contact statt ausschließlich im PII-Vault. Exakter Sollrollenabgleich mangels gelieferter Rollenliste N/P, Istmenge dokumentiert. K2: Quellbewertung ABWEICHEND/High; normalisiert PARTIAL/–, da Kontakt-/Linkfunktion vorhanden, exakte Sollrollen N/P und Vault-Exklusivität allein auf unbestätigtem CH16(V) beruht. Kein bestätigter Pflichtmangel allein aus diesem Vorschlag; gemeinsamer Prüfblock, keine unabhängige Einzelprüfung.";"/home/runner/work/Reticora-CMDB/Reticora-CMDB/docs/audit/06-audit-sicherheit-events.md:22 (gemeinsamer Originalprüfblock AUD-01 / AUD-02; keine unabhängige Einzelprüfung)"
AUD-02;nicht angegeben;06;PARTIAL;–;L;"`/home/runner/work/Reticora-CMDB/Reticora-CMDB/backend/migrations/000016_contacts.up.sql:4–26`; `/home/runner/work/Reticora-CMDB/Reticora-CMDB/backend/internal/contact/model.go:7–19,46–69`; `/home/runner/work/Reticora-CMDB/Reticora-CMDB/backend/internal/contact/pg_repository.go:45–56,109–151`; K2: `/home/runner/work/Reticora-CMDB/Reticora-CMDB/docs/audit/06-audit-sicherheit-events.md:22,56–62`; `/home/runner/work/Reticora-CMDB/Reticora-CMDB/docs/spec/katalog-v3/00-grundlagen.md:31`";"contact/ci_contact und validierte Linkrollen vorhanden; Name/E-Mail/Telefon stehen unmittelbar in contact statt ausschließlich im PII-Vault. Exakter Sollrollenabgleich mangels gelieferter Rollenliste N/P, Istmenge dokumentiert. K2: Quellbewertung ABWEICHEND/High; normalisiert PARTIAL/–, da Kontakt-/Linkfunktion vorhanden, exakte Sollrollen N/P und Vault-Exklusivität allein auf unbestätigtem CH16(V) beruht. Kein bestätigter Pflichtmangel allein aus diesem Vorschlag; gemeinsamer Prüfblock, keine unabhängige Einzelprüfung.";"/home/runner/work/Reticora-CMDB/Reticora-CMDB/docs/audit/06-audit-sicherheit-events.md:22 (gemeinsamer Originalprüfblock AUD-01 / AUD-02; keine unabhängige Einzelprüfung)"
AUD-03;nicht angegeben;06;ABWEICHEND;High;L;"`/home/runner/work/Reticora-CMDB/Reticora-CMDB/backend/migrations/000055_cmdb_extensions.up.sql:561–568`; `/home/runner/work/Reticora-CMDB/Reticora-CMDB/backend/internal/ci/pg_repository.go:390–409,649–685`; `/home/runner/work/Reticora-CMDB/Reticora-CMDB/backend/internal/discovery/discovery.go:770–794`";"change_type statt change_kind, exakter Sollenumvergleich N/P; last_seen_at wird entgegen REC-07 historisiert. Pro geändertem Feld eine ci_change statt genau einer pro Record; Discovery schreibt ohne Lifecycle-Eventdispatcher.";/home/runner/work/Reticora-CMDB/Reticora-CMDB/docs/audit/06-audit-sicherheit-events.md:23
AUD-04;nicht angegeben;06;ABWEICHEND;High;L;"`/home/runner/work/Reticora-CMDB/Reticora-CMDB/backend/internal/audit/audit.go:68–118,140–188,213–269`; `/home/runner/work/Reticora-CMDB/Reticora-CMDB/backend/migrations/000039_audit_canonical_hash.up.sql:19–62`; `/home/runner/work/Reticora-CMDB/Reticora-CMDB/backend/migrations/000056_rls_enforcement.up.sql:107–125`";"Leere Textgenesis und einfacher JSON-Hash statt vorgeschriebener Binär-/Doppelhashformel. Synchroner Org-Advisory-Lock und UPDATE/DELETE-Schutz vorhanden, aber kein Audit-Outbox-Single-Runner mit Commitsequenz; CLI existiert.";/home/runner/work/Reticora-CMDB/Reticora-CMDB/docs/audit/06-audit-sicherheit-events.md:24
AUD-05;nicht angegeben;06;PARTIAL;High;L;"`/home/runner/work/Reticora-CMDB/Reticora-CMDB/backend/internal/audit/audit.go:25–37,282–308,343–360`; `/home/runner/work/Reticora-CMDB/Reticora-CMDB/backend/internal/server/authz.go:52,120–122`; `/home/runner/work/Reticora-CMDB/Reticora-CMDB/backend/internal/privacy/privacy.go:119–152`";"Audit-GET/Verify mit audit:read und changes vorhanden; Request-/Correlation-ID fehlen im Auditdatensatz. Keine automatischen selbst auditierten Audit-Retentionjobs; exakte Sollfristen mangels Zahlen N/P.";"/home/runner/work/Reticora-CMDB/Reticora-CMDB/docs/audit/06-audit-sicherheit-events.md:25 (gemeinsamer Originalprüfblock AUD-05 / AUD-07 / AUD-09; keine unabhängige Einzelprüfung)"
AUD-07;nicht angegeben;06;PARTIAL;High;L;"`/home/runner/work/Reticora-CMDB/Reticora-CMDB/backend/internal/audit/audit.go:25–37,282–308,343–360`; `/home/runner/work/Reticora-CMDB/Reticora-CMDB/backend/internal/server/authz.go:52,120–122`; `/home/runner/work/Reticora-CMDB/Reticora-CMDB/backend/internal/privacy/privacy.go:119–152`";"Audit-GET/Verify mit audit:read und changes vorhanden; Request-/Correlation-ID fehlen im Auditdatensatz. Keine automatischen selbst auditierten Audit-Retentionjobs; exakte Sollfristen mangels Zahlen N/P.";"/home/runner/work/Reticora-CMDB/Reticora-CMDB/docs/audit/06-audit-sicherheit-events.md:25 (gemeinsamer Originalprüfblock AUD-05 / AUD-07 / AUD-09; keine unabhängige Einzelprüfung)"
AUD-09;nicht angegeben;06;PARTIAL;High;L;"`/home/runner/work/Reticora-CMDB/Reticora-CMDB/backend/internal/audit/audit.go:25–37,282–308,343–360`; `/home/runner/work/Reticora-CMDB/Reticora-CMDB/backend/internal/server/authz.go:52,120–122`; `/home/runner/work/Reticora-CMDB/Reticora-CMDB/backend/internal/privacy/privacy.go:119–152`";"Audit-GET/Verify mit audit:read und changes vorhanden; Request-/Correlation-ID fehlen im Auditdatensatz. Keine automatischen selbst auditierten Audit-Retentionjobs; exakte Sollfristen mangels Zahlen N/P.";"/home/runner/work/Reticora-CMDB/Reticora-CMDB/docs/audit/06-audit-sicherheit-events.md:25 (gemeinsamer Originalprüfblock AUD-05 / AUD-07 / AUD-09; keine unabhängige Einzelprüfung)"
SEC-01;nicht angegeben;06;ABWEICHEND;Critical;L;"`/home/runner/work/Reticora-CMDB/Reticora-CMDB/backend/internal/webhook/webhook.go:18–29,334–365,394–401`; `/home/runner/work/Reticora-CMDB/Reticora-CMDB/backend/cmd/server/main.go:51–52,158–163,394–410`; `/home/runner/work/Reticora-CMDB/Reticora-CMDB/backend/internal/credential/handler.go:125–143`";"Signatursecret JSON-ausgeschlossen, aber Authheader in Webhook-GET/Liste sichtbar; Credential-/decrypt liefert Klartext. Logger ohne allgemeinen Redaktionshandler, maskDSN schützt nicht alle akzeptierten Passwortformate.";/home/runner/work/Reticora-CMDB/Reticora-CMDB/docs/audit/06-audit-sicherheit-events.md:26
SEC-05;"Phase1 laut CH16; Entscheidung V; verbindliche Phase unbestätigt (K1)";06;N/P;–;L;"`/home/runner/work/Reticora-CMDB/Reticora-CMDB/docs/spec/katalog-v3/00-grundlagen.md:31`; `/home/runner/work/Reticora-CMDB/Reticora-CMDB/backend/internal/ci/pg_repository.go:293–296,390–409,611–631,649–683`; `/home/runner/work/Reticora-CMDB/Reticora-CMDB/backend/internal/privacy/privacy.go:124–152`; K1: `/home/runner/work/Reticora-CMDB/Reticora-CMDB/docs/audit/06-audit-sicherheit-events.md:3,18,27,159`; `/home/runner/work/Reticora-CMDB/Reticora-CMDB/docs/audit/07-api-suche-jobs-lebenszyklus.md:266`";"pii_subject/Vault nicht implementiert; vollständige CI-Snapshots/Attribute in Audit/History ohne PII-Surrogate. Persönliche Attributwerte bleiben dort Klartext, Datenschutzretention bereinigt diese Senken nicht; keine Behauptung aller CI-Namen seien Personen. K1: Quellbewertung ABWEICHEND/Critical; normalisiert N/P/–, da der vorliegende normative CH16-Wortlaut als V markiert ist und kein unabhängiger verbindlicher SEC-05-Originalvertrag belegt ist. Die Behauptung eines bestätigten Prüfauftrags ersetzt diese Bestätigung nicht. Der technische Klartextpfad bleibt als bedingter Hinweis erhalten: Voraussetzung sind personenbezogene CI-Attribute, nicht nachgewiesene Produktions-PII. Verbindliche Phase unbestätigt; keine B-/G1-Pflicht oder Critical-Pflichtzählung allein aus CH16(V).";"/home/runner/work/Reticora-CMDB/Reticora-CMDB/docs/audit/06-audit-sicherheit-events.md:27 (Originalprüfblock SEC-05 / CH16; CH16 ist gemeinsame Grundlage, keine zusätzliche unabhängig geprüfte Anforderung)"
SEC-06;nicht angegeben;06;ABWEICHEND;High;L;"`/home/runner/work/Reticora-CMDB/Reticora-CMDB/backend/internal/identity/session.go:17–21,60–69,110–127`; `/home/runner/work/Reticora-CMDB/Reticora-CMDB/backend/internal/credential/credential.go:250–295`; `/home/runner/work/Reticora-CMDB/Reticora-CMDB/backend/internal/webhook/webhook.go:18–29,209–218`";"Session-JWT nur ein Schlüsselpaar ohne kid/90d-Rotation; kein Master-Rewrapjob/Jahres-DEK-Scheduler/Webhook24h-Overlap/API-Key-Rotationsablauf. Manuelle Org-DEK-Rotation vorhanden, aber nicht atomare Einzelupdates können Credentials unlesbar hinterlassen.";/home/runner/work/Reticora-CMDB/Reticora-CMDB/docs/audit/06-audit-sicherheit-events.md:28
SEC-07;nicht angegeben;06;FAIL;High;L;"`/home/runner/work/Reticora-CMDB/Reticora-CMDB/backend/cmd/server/main.go:293–319`; `/home/runner/work/Reticora-CMDB/Reticora-CMDB/backend/internal/identity/handler.go:248–277`; `/home/runner/work/Reticora-CMDB/Reticora-CMDB/backend/internal/permission/pg_repository.go:98–106`; Suche Backend/Migrationen ohne Operatorpfad";Kein /admin-Operatorpfad, keine RETICORA_OPERATOR_TOKEN-Auswertung oder operator_audit gefunden. Gewöhnliche personalisierte OIDC-Sessions ersetzen weder verpflichtende Operator-MFA noch alarmiertes Break-Glass mit eigener Hashkette.;/home/runner/work/Reticora-CMDB/Reticora-CMDB/docs/audit/06-audit-sicherheit-events.md:29
SEC-08;nicht angegeben;06;ABWEICHEND;Critical;L;"`/home/runner/work/Reticora-CMDB/Reticora-CMDB/backend/internal/webhook/webhook.go:233–251,376–401`; `/home/runner/work/Reticora-CMDB/Reticora-CMDB/backend/internal/webhook/dispatcher.go:88–91,444–456`; `/home/runner/work/Reticora-CMDB/Reticora-CMDB/backend/internal/iga/connector.go:82–90,161–172`";"Webhook-/SCIM-URLs ohne privaten/Link-Local-/Metadaten-/IPv6-Egressfilter oder DNS-Pinning; keine ≤3 erneut geprüften Redirects. Timeout vorhanden, ersetzt Zielprüfung nicht; eigener Importer nicht gefunden.";/home/runner/work/Reticora-CMDB/Reticora-CMDB/docs/audit/06-audit-sicherheit-events.md:30
SEC-10;nicht angegeben;06;PARTIAL;High;L;"`/home/runner/work/Reticora-CMDB/Reticora-CMDB/backend/internal/graphqlbff/graphqlbff.go:142–198,321–371`; `/home/runner/work/Reticora-CMDB/Reticora-CMDB/backend/cmd/server/main.go:307–326`; K3: `/home/runner/work/Reticora-CMDB/Reticora-CMDB/docs/audit/06-audit-sicherheit-events.md:31`; `/home/runner/work/Reticora-CMDB/Reticora-CMDB/docs/audit/07-api-suche-jobs-lebenszyklus.md:35,266`";"Einfacher Root-Feldparser ohne Tiefe10/Komplexitätsbudget oder 10s-Ausführungsdeadline; begrenzte Ergebnislisten ersetzen das nicht. Introspection generell unsupported, kein Beleg ungeschützter Introspection. K3: PARTIAL/High bleibt für die allgemeine Schutzlücke des Quellberichts erhalten. Numerische Tiefen-/Kostenlimits und insbesondere Tiefe10/10s sind mangels SEC-10-Originalwortlaut N/P-Unterprüfungen, keine bestätigten Pflichtgrenzwerte; Tag/Phase bleiben unbekannt.";/home/runner/work/Reticora-CMDB/Reticora-CMDB/docs/audit/06-audit-sicherheit-events.md:31
SEC-11;nicht angegeben;06;PARTIAL;High;M;"`/home/runner/work/Reticora-CMDB/Reticora-CMDB/.github/workflows/ci.yml:25–43,107–161,203–219`; `/home/runner/work/Reticora-CMDB/Reticora-CMDB/.github/workflows/install-smoke.yml:38–88`; `/home/runner/work/Reticora-CMDB/Reticora-CMDB/.github/workflows/restore-test.yml:46–88`; CI-Frontendjob106759105891";"npm ci führt tatsächlich einen impliziten Dependency-Audit aus, kein vollständiges Fehlen jeder Prüfung. Expliziter Go-Abhängigkeitsscan und Container-Vulnerability-Scan fehlen; Healthchecks/Lint/Build sind keine Ersatzscans.";/home/runner/work/Reticora-CMDB/Reticora-CMDB/docs/audit/06-audit-sicherheit-events.md:32
EVT-01;nicht angegeben;06;PARTIAL;High;L;"`/home/runner/work/Reticora-CMDB/Reticora-CMDB/backend/internal/platform/events/nats.go:15–18,54–68,84–90,118–130,160–187`; `/home/runner/work/Reticora-CMDB/Reticora-CMDB/backend/cmd/server/main.go:234–250`";"RETICORA_EVENTS und events.<org_id>.<event_type>-Helfer existieren als Baustein; keine produktive Streamanlage/Publisherverdrahtung. Server verdrahtet stattdessen Webhookdispatcher; Rest-Subjectvertrag über „events.“ hinaus nicht unterstellt.";"/home/runner/work/Reticora-CMDB/Reticora-CMDB/docs/audit/06-audit-sicherheit-events.md:33 (gemeinsamer Originalprüfblock EVT-01 / EVT-02; keine unabhängige Einzelprüfung)"
EVT-02;nicht angegeben;06;PARTIAL;High;L;"`/home/runner/work/Reticora-CMDB/Reticora-CMDB/backend/internal/platform/events/nats.go:15–18,54–68,84–90,118–130,160–187`; `/home/runner/work/Reticora-CMDB/Reticora-CMDB/backend/cmd/server/main.go:234–250`";"RETICORA_EVENTS und events.<org_id>.<event_type>-Helfer existieren als Baustein; keine produktive Streamanlage/Publisherverdrahtung. Server verdrahtet stattdessen Webhookdispatcher; Rest-Subjectvertrag über „events.“ hinaus nicht unterstellt.";"/home/runner/work/Reticora-CMDB/Reticora-CMDB/docs/audit/06-audit-sicherheit-events.md:33 (gemeinsamer Originalprüfblock EVT-01 / EVT-02; keine unabhängige Einzelprüfung)"
API-01;[B];07;PARTIAL;Medium;M;"`/home/runner/work/Reticora-CMDB/Reticora-CMDB/backend/internal/server/router.go:209–276,356–365`; `/home/runner/work/Reticora-CMDB/Reticora-CMDB/backend/internal/server/parity_test.go:79–104`; `/home/runner/work/Reticora-CMDB/Reticora-CMDB/api/openapi.yaml`";"Statischer Abgleich ergibt 400/400 Operationen ohne `/metrics`; keine fehlende Operation im PostgreSQL-Profil, zwei Auditoperationen fehlen im No-DB-Profil. Keine Sunset-Implementierung gefunden; additive Historie/12 Monate Vorlauf ohne Release-/Altvertrag N/P, kein bereits erfolgter Bruch behauptet.";/home/runner/work/Reticora-CMDB/Reticora-CMDB/docs/audit/07-api-suche-jobs-lebenszyklus.md:26
API-02;[B];07;ABWEICHEND;Medium;L;"`/home/runner/work/Reticora-CMDB/Reticora-CMDB/backend/internal/api/api.go:11–64`; `/home/runner/work/Reticora-CMDB/Reticora-CMDB/backend/internal/api/cursor.go:19–48`; `/home/runner/work/Reticora-CMDB/Reticora-CMDB/backend/internal/ci/handler.go:58–95`; `/home/runner/work/Reticora-CMDB/Reticora-CMDB/backend/internal/ci/sort.go:11–29`; `/home/runner/work/Reticora-CMDB/Reticora-CMDB/backend/internal/savedview/filter.go:153–164`";"Default 50 korrekt, Maximum 100 statt 200; Cursor ist unsigniertes Base64-JSON, Whitelist nur mit `sort_by/sort_dir`, Pagination nicht durchgängig cursorbasiert. `filter[field]`-Operatoren, searchable-400-Hinweis, Listen-`fields` und Listen-`q` fehlen; alternatives JSONB-Query prüft searchable nicht.";/home/runner/work/Reticora-CMDB/Reticora-CMDB/docs/audit/07-api-suche-jobs-lebenszyklus.md:27
API-03;[B];07;ABWEICHEND;Medium;M;"`/home/runner/work/Reticora-CMDB/Reticora-CMDB/backend/internal/api/api.go:67–90`; `/home/runner/work/Reticora-CMDB/Reticora-CMDB/backend/internal/platform/httpx/problems.go:18–123`; `/home/runner/work/Reticora-CMDB/Reticora-CMDB/backend/internal/middleware/middleware.go:29–36,65–79`; `/home/runner/work/Reticora-CMDB/Reticora-CMDB/backend/internal/server/router.go:192–199`";"Gemeinsamer Error-Writer liefert `application/json` ohne `trace_id`, auch für 401/403/404/409/500; alternativer 429-Problemwriter liest den falschen Request-ID-Ursprung. 412 samt Pflicht-If-Match fehlt; übrige v2-Fehlertabelle N/P („v2-Text fehlt“).";/home/runner/work/Reticora-CMDB/Reticora-CMDB/docs/audit/07-api-suche-jobs-lebenszyklus.md:28
API-04;[B];07;ABWEICHEND;Critical;L;"`/home/runner/work/Reticora-CMDB/Reticora-CMDB/backend/cmd/server/main.go:307–319`; `/home/runner/work/Reticora-CMDB/Reticora-CMDB/backend/internal/middleware/ratelimit.go:62–99,138–146`; `/home/runner/work/Reticora-CMDB/Reticora-CMDB/backend/internal/middleware/idempotency.go:38,111–194`; `/home/runner/work/Reticora-CMDB/Reticora-CMDB/backend/internal/server/authz.go:279–288,313–315`";"Pre-Auth-IP-Limit fehlt, Validierung steht vor Auth; 600/min pro Principal statt Session, kein 6.000/min-Org-Bucket oder X-RateLimit-Header. 24-h-Idempotenz ist nicht atomar und erlaubt orgweit geteiltes Replay vor Routenrechten; Lizenzablauf sperrt zudem andere Module als Discovery/Ingest (CH21).";/home/runner/work/Reticora-CMDB/Reticora-CMDB/docs/audit/07-api-suche-jobs-lebenszyklus.md:29
API-05;[B];07;PARTIAL;High;L;"`/home/runner/work/Reticora-CMDB/Reticora-CMDB/backend/internal/server/router.go:209–276`; `/home/runner/work/Reticora-CMDB/Reticora-CMDB/backend/internal/ci/handler.go:41–48,98–113`; `/home/runner/work/Reticora-CMDB/Reticora-CMDB/backend/internal/user/handler.go:64–90`; `/home/runner/work/Reticora-CMDB/Reticora-CMDB/backend/migrations/000019_api_keys_invitations.up.sql:4–32`";"Elf Ressourcen ohne entsprechende öffentliche Funktion, zehn weitere nur als abweichender/teilweiser Pfad vorhanden (vollständige Listen unten, darunter Jobs ohne generischen Vertrag). CI-`include`, merge, restore und unmerge fehlen; vorhandene Unterressourcen ersetzen diese Aktionen nicht.";/home/runner/work/Reticora-CMDB/Reticora-CMDB/docs/audit/07-api-suche-jobs-lebenszyklus.md:30
API-06;[P2]/[P3]/[P4]/[A];07;ABWEICHEND;High;L;"`/home/runner/work/Reticora-CMDB/Reticora-CMDB/backend/internal/server/repositories.go:129–182`; `/home/runner/work/Reticora-CMDB/Reticora-CMDB/backend/internal/citype/handler.go:41–58`; `/home/runner/work/Reticora-CMDB/Reticora-CMDB/backend/internal/entitlement/entitlement.go:49–94,225–251`; `/home/runner/work/Reticora-CMDB/Reticora-CMDB/backend/internal/entitlement/middleware.go:48–50`";"Viele Phasenmodule haben reale REST-/PG-Anbindung, Metamodell-REST bleibt unvollständig; fehlende Sets/Publish/Verträge/Importe sind OFFEN. IGA/KI haben Feature-Gates, werden aber aus Professional/Enterprise-Plänen impliziert statt ausschließlich als separate Add-ons freigeschaltet (CH14).";/home/runner/work/Reticora-CMDB/Reticora-CMDB/docs/audit/07-api-suche-jobs-lebenszyklus.md:31
API-07;[B];07;ABWEICHEND;Critical;L;"`/home/runner/work/Reticora-CMDB/Reticora-CMDB/backend/internal/ci/model.go:7–35,63–84`; `/home/runner/work/Reticora-CMDB/Reticora-CMDB/backend/internal/ci/pg_repository.go:321–382`; `/home/runner/work/Reticora-CMDB/Reticora-CMDB/backend/internal/discovery/reconciliation.go:39–58`; `/home/runner/work/Reticora-CMDB/Reticora-CMDB/backend/internal/discovery/discovery.go:333–356,753–803`";Feldweises PATCH existiert, aber keine CI-Version/ETag/If-Match-/Org-Pflicht-/409-Konkurrenz-/412-Semantik. Manual-Rang 20 statt 100 und fail-open Schutzabfrage erlauben automatische Überschreibung manueller Werte (CH9/PRI-10).;/home/runner/work/Reticora-CMDB/Reticora-CMDB/docs/audit/07-api-suche-jobs-lebenszyklus.md:32
API-08;[B];07;FAIL;High;L;"`/home/runner/work/Reticora-CMDB/Reticora-CMDB/backend/internal/ci/handler.go:41–48`; `/home/runner/work/Reticora-CMDB/Reticora-CMDB/frontend/src/pages/CIListPage.tsx:71–89`; `/home/runner/work/Reticora-CMDB/Reticora-CMDB/backend/internal/discovery/discovery.go:424–426,619–631,840–842`";Keine serverseitige ID-Bulk-Aktions-API mit 500er Maximum, Job ab 100 und Ergebnis pro ID. UI-Fan-out und synchroner Discovery-Ingest, der erst nach Verarbeitung 202 meldet, sind kein Ersatz.;/home/runner/work/Reticora-CMDB/Reticora-CMDB/docs/audit/07-api-suche-jobs-lebenszyklus.md:33
API-09;[B];07;FAIL;High;L;"`/home/runner/work/Reticora-CMDB/Reticora-CMDB/backend/internal/export/job_handler.go:40–44`; `/home/runner/work/Reticora-CMDB/Reticora-CMDB/backend/internal/discovery/discovery.go:429–431`; `/home/runner/work/Reticora-CMDB/Reticora-CMDB/backend/internal/server/router.go:NewRouter`";Nur `/api/v1/export/jobs` und `/api/v1/discovery/jobs`, kein `/api/v1/jobs` für die sechs verlangten Operationen. Spätere Import-/Template-/Org-Funktionen werden nicht zusätzlich als fehlende Phase-1-Fachmodule gewertet.;/home/runner/work/Reticora-CMDB/Reticora-CMDB/docs/audit/07-api-suche-jobs-lebenszyklus.md:34
GQL-01;[B];07;ABWEICHEND;High;L;"`/home/runner/work/Reticora-CMDB/Reticora-CMDB/backend/internal/graphqlbff/graphqlbff.go:120–151,321–371`; `/home/runner/work/Reticora-CMDB/Reticora-CMDB/api/openapi.yaml:3164–3185`; `/home/runner/work/Reticora-CMDB/Reticora-CMDB/backend/internal/middleware/auth.go:96–119`";"Eigenparser unter öffentlich dokumentiertem `/api/v1/graphql` statt gqlgen unter `/bff/graphql`; API-Keys werden nicht ausgeschlossen. GraphQL-spezifische Tiefen-/Komplexitätslimits fehlen; numerischer SEC-10-Sollumfang mangels Originaltext nicht abschließend prüfbar.";/home/runner/work/Reticora-CMDB/Reticora-CMDB/docs/audit/07-api-suche-jobs-lebenszyklus.md:35
GQL-02;[B];07;PARTIAL;High;L;`/home/runner/work/Reticora-CMDB/Reticora-CMDB/backend/internal/graphqlbff/graphqlbff.go:146–172,234–266,321–371`;"Nur `ci`, `cis`, `relationships`, `currentUser`; `topology`, `rackLayout`, `searchEverything`, `reviewInbox`, `jobs` und Dataloader fehlen. Keine schreibenden Resolver, aber der Parser akzeptiert den Präfix `mutation` und ignoriert die Feldselektion; ein Schreibzugriff durch Mutation wird nicht behauptet.";/home/runner/work/Reticora-CMDB/Reticora-CMDB/docs/audit/07-api-suche-jobs-lebenszyklus.md:36
GQL-03;[P2];07;OFFEN;–;–;"`/home/runner/work/Reticora-CMDB/Reticora-CMDB/backend/internal/graphqlbff/graphqlbff.go:146–151`; `/home/runner/work/Reticora-CMDB/Reticora-CMDB/backend/internal/server/router.go:251`";"Die vier registrierten Queries enthalten keine Asset-/Children-, Formular-, Historien- oder Metrikaggregate. Kein prinzipielles Phase-1-Hindernis belegt; der BFF muss dafür erweitert werden.";/home/runner/work/Reticora-CMDB/Reticora-CMDB/docs/audit/07-api-suche-jobs-lebenszyklus.md:37
GQL-04;[B];07;ABWEICHEND;Critical;L;"`/home/runner/work/Reticora-CMDB/Reticora-CMDB/backend/internal/server/authz.go:127,242–243,279–288`; `/home/runner/work/Reticora-CMDB/Reticora-CMDB/backend/internal/graphqlbff/graphqlbff.go:234–263`; `/home/runner/work/Reticora-CMDB/Reticora-CMDB/backend/internal/relationship/pg_repository.go:68–114`; `/home/runner/work/Reticora-CMDB/Reticora-CMDB/backend/internal/tenant/tenant.go:8–13`";"POST ist pauschal mit `ci:write` geschützt, `relationships` verlangt danach kein `relationship:read`; vollständige Objekte gelangen ohne Feldprojektion/-rechte zur Antwort. CI-Org-/Client-RLS ist vorhanden, Site-/Team-Scope und Resolver-Entitlementprüfung fehlen; kein zusätzlicher Add-on-Bypass behauptet.";/home/runner/work/Reticora-CMDB/Reticora-CMDB/docs/audit/07-api-suche-jobs-lebenszyklus.md:38
SRC-01;[B];07;ABWEICHEND;Critical;L;"`/home/runner/work/Reticora-CMDB/Reticora-CMDB/backend/internal/search/pg_repository.go:18–30,60–135`; `/home/runner/work/Reticora-CMDB/Reticora-CMDB/backend/internal/search/handler.go:26–46,65–98`; `/home/runner/work/Reticora-CMDB/Reticora-CMDB/backend/migrations/000030_search_ai.up.sql:8–24,65–67`";"FTS existiert, aber Index/Abfrage erzwingen nur Org und Ressourcenrecht statt Client-/Site-/Team-/Feldgrenzen. Locations scheitern am Entity-CHECK beziehungsweise fehlender Trefferpermission; Kontakte werden nur beim Reindex aufgenommen, laufende Indexierung ist nur für CIs verdrahtet.";/home/runner/work/Reticora-CMDB/Reticora-CMDB/docs/audit/07-api-suche-jobs-lebenszyklus.md:39
SRC-02;[P2];07;PARTIAL;Medium;M;"`/home/runner/work/Reticora-CMDB/Reticora-CMDB/backend/internal/ci/service.go:63–82`; `/home/runner/work/Reticora-CMDB/Reticora-CMDB/backend/internal/search/pg_repository.go:122–135`; `/home/runner/work/Reticora-CMDB/Reticora-CMDB/backend/internal/savedview/model.go:29–64`";"Reindex enthält Asset-Inventarnummer; Tags/Custom-Felder teilweise nur in separater strukturierter Suche. Vollständige IP-/MAC-/Nutzer-/Tag-/Custom-Feld-FTS einschließlich Aktualisierung fehlt.";/home/runner/work/Reticora-CMDB/Reticora-CMDB/docs/audit/07-api-suche-jobs-lebenszyklus.md:40
SRC-03;"[P2]; Textsyntax [O]";07;ABWEICHEND;Critical;L;"`/home/runner/work/Reticora-CMDB/Reticora-CMDB/backend/internal/savedview/model.go:29–64`; `/home/runner/work/Reticora-CMDB/Reticora-CMDB/backend/internal/savedview/filter.go:153–169`; `/home/runner/work/Reticora-CMDB/Reticora-CMDB/backend/internal/savedview/query.go:28–88`; `/home/runner/work/Reticora-CMDB/Reticora-CMDB/frontend/src/pages/SavedViewsPage.tsx:38–50,67–115`";Flaches AND-Objekt statt AND/OR/NOT-Vergleichs-AST und kein Klick-Builder (CH18). Der vorhandene Suchpfad setzt nur Org und prüft bei frei wählbarem Entity-Kind nicht dessen Leserecht oder den Client-Scope.;/home/runner/work/Reticora-CMDB/Reticora-CMDB/docs/audit/07-api-suche-jobs-lebenszyklus.md:41
SRC-04;[P2];07;ABWEICHEND;Critical;L;"`/home/runner/work/Reticora-CMDB/Reticora-CMDB/backend/internal/savedview/filter.go:121–146`; `/home/runner/work/Reticora-CMDB/Reticora-CMDB/backend/internal/savedview/query.go:28–88`; `/home/runner/work/Reticora-CMDB/Reticora-CMDB/backend/migrations/000033_client_scope_rls.up.sql:64–73`";"Beziehungssuche ist implementiert, aber rekursive Up-/Downstream-CTEs begrenzen die Tiefe nicht auf 5. Der Query-Pfad überträgt keinen Client-/Site-/Team-Scope; dies ist ein Fehler vorhandenen Codes, nicht bloß eine spätere fehlende Funktion.";/home/runner/work/Reticora-CMDB/Reticora-CMDB/docs/audit/07-api-suche-jobs-lebenszyklus.md:42
VIE-01;[B];07;ABWEICHEND;Medium;M;"`/home/runner/work/Reticora-CMDB/Reticora-CMDB/backend/migrations/000055_cmdb_extensions.up.sql:572–589`; `/home/runner/work/Reticora-CMDB/Reticora-CMDB/backend/internal/savedview/model.go:8–27`; `/home/runner/work/Reticora-CMDB/Reticora-CMDB/backend/internal/savedview/pg_repository.go:45–57,74–90`";Eigene Tabelle vorhanden, aber `sort`, `columns`, `shared_with_roles` und echtes Filter-AST fehlen (`shared`/`filter_spec` sind Teilentsprechungen). Liste filtert Owner/Sharing, direkter GET privater Views dagegen nur Org/ID.;/home/runner/work/Reticora-CMDB/Reticora-CMDB/docs/audit/07-api-suche-jobs-lebenszyklus.md:43
VIE-02;[P2];07;PARTIAL;Medium;M;"`/home/runner/work/Reticora-CMDB/Reticora-CMDB/backend/internal/savedview/model.go:68–95`; `/home/runner/work/Reticora-CMDB/Reticora-CMDB/backend/internal/savedview/pg_repository.go:74–90`; `/home/runner/work/Reticora-CMDB/Reticora-CMDB/frontend/src/pages/SavedViewsPage.tsx:67–115`";Org-weites Sharing und Garantie-Preset vorhanden, Rollenfreigabe und UI-Freigabeeditor fehlen. Die verlangten Presets „Meine Geräte“ und „Server ohne Monitoring“ fehlen.;/home/runner/work/Reticora-CMDB/Reticora-CMDB/docs/audit/07-api-suche-jobs-lebenszyklus.md:44
BLK-01;[B];07;ABWEICHEND;High;L;"`/home/runner/work/Reticora-CMDB/Reticora-CMDB/frontend/src/pages/CIListPage.tsx:71–89`; `/home/runner/work/Reticora-CMDB/Reticora-CMDB/frontend/src/pages/AssetListPage.tsx:90–108`; `/home/runner/work/Reticora-CMDB/Reticora-CMDB/backend/internal/ci/handler.go:RegisterRoutes`";"Bulk-Status existiert nur als `Promise.all` einzelner PATCH-Aufrufe; keine serverseitige 500/100-Grenze und kein Fehlerreport pro ID. Bei Teilfehlern zeigt die Oberfläche lediglich einen Sammelfehler, bereits erfolgreiche Änderungen bleiben bestehen.";/home/runner/work/Reticora-CMDB/Reticora-CMDB/docs/audit/07-api-suche-jobs-lebenszyklus.md:45
BLK-02;[P2];07;OFFEN;–;–;"`/home/runner/work/Reticora-CMDB/Reticora-CMDB/frontend/src/pages/CIListPage.tsx:71–89`; `/home/runner/work/Reticora-CMDB/Reticora-CMDB/backend/internal/export/job_handler.go:40–44`; `/home/runner/work/Reticora-CMDB/Reticora-CMDB/backend/internal/history/model.go:Replay`";"Der BLK-01-Status-Fan-out und Historien-Replay sind kein erweitertes Bulk-/Undo-Modul; kein entsprechender REST-Vertrag oder Change-Set-Speicher gefunden. Die fehlende generische Jobbasis muss für die spätere Umsetzung ergänzt werden, ohne belegte prinzipielle Architekturblockade.";/home/runner/work/Reticora-CMDB/Reticora-CMDB/docs/audit/07-api-suche-jobs-lebenszyklus.md:46
EXP-01;"[B]; DATEV [P2]";07;ABWEICHEND;Critical;L;"`/home/runner/work/Reticora-CMDB/Reticora-CMDB/backend/internal/export/job_handler.go:40–43,73–82,133–145`; `/home/runner/work/Reticora-CMDB/Reticora-CMDB/backend/internal/export/worker.go:95–114`; `/home/runner/work/Reticora-CMDB/Reticora-CMDB/backend/internal/export/export.go:152–211`; `/home/runner/work/Reticora-CMDB/Reticora-CMDB/backend/internal/platform/blob/blob.go:26,250–267`";"202-Job und 15-Minuten-S3-Presign vorhanden, aber unter `/export/jobs`; der Worker verliert den Nutzerscope und Job-GET/-Liste sind nur orggebunden. CSV ohne BOM/mit Komma, kein Feldmanifest; DATEV liest CI-Werte statt kanonischer Asset-Anlagenbuchhaltungsdaten.";/home/runner/work/Reticora-CMDB/Reticora-CMDB/docs/audit/07-api-suche-jobs-lebenszyklus.md:47
IMP-IO-01;[P2];07;OFFEN;–;–;"`/home/runner/work/Reticora-CMDB/Reticora-CMDB/backend/internal/discovery/discovery.go:38–82,612`; `/home/runner/work/Reticora-CMDB/Reticora-CMDB/backend/internal/export/job.go:20–43`; `/home/runner/work/Reticora-CMDB/Reticora-CMDB/backend/internal/server/router.go:NewRouter`";"Discovery-Ingest ist kein CSV-/Excel-/API-Import mit Mapping-Profilen und Import-Provenienz; hierfür kein eigener Implementierungsbestand gefunden. Job-/Mapping-Strukturen fehlen, eine spätere additive Umsetzung ist nicht nachweislich blockiert.";/home/runner/work/Reticora-CMDB/Reticora-CMDB/docs/audit/07-api-suche-jobs-lebenszyklus.md:48
TLC-01;[B];07;FAIL;High;L;"`/home/runner/work/Reticora-CMDB/Reticora-CMDB/frontend/src/pages/auth/LoginPage.tsx:20–25,55–57`; `/home/runner/work/Reticora-CMDB/Reticora-CMDB/backend/internal/identity/handler.go:55–60,248–265`; `/home/runner/work/Reticora-CMDB/Reticora-CMDB/backend/internal/user/pg_repository.go:972–992`; `/home/runner/work/Reticora-CMDB/Reticora-CMDB/backend/internal/config/config.go:114`";Nur Login in bestehende Org und User-Provisionierung (Default `viewer`), kein Self-Signup. Org-/Slug-/Default-VRF-/erstes-org_admin-/Trial-/operator_audit-Kette, Verifikation, Captcha, Pre-Auth-Limit und Wegwerf-Domain-Blocklist fehlen.;/home/runner/work/Reticora-CMDB/Reticora-CMDB/docs/audit/07-api-suche-jobs-lebenszyklus.md:49
TLC-02;"[B]; Reseller [P4]";07;FAIL;High;L;"`/home/runner/work/Reticora-CMDB/Reticora-CMDB/backend/internal/tenantapi/handler.go:22–46`; `/home/runner/work/Reticora-CMDB/Reticora-CMDB/backend/internal/server/router.go:209–246`; `/home/runner/work/Reticora-CMDB/Reticora-CMDB/backend/internal/entitlement/handler.go:61–93`; `/home/runner/work/Reticora-CMDB/Reticora-CMDB/backend/migrations/000001_tenant_model.up.sql:6–13`";"Kein produktiver Operator-Org-Anlagepfad mit Plan/Limits gefunden; Entitlement-Grant verändert nur eine bestehende Org. Reseller-Anlage mangels Code OFFEN, keine zusätzliche G1-Strafe.";/home/runner/work/Reticora-CMDB/Reticora-CMDB/docs/audit/07-api-suche-jobs-lebenszyklus.md:50
TLC-03;[B];07;PARTIAL;High;M;"`/home/runner/work/Reticora-CMDB/Reticora-CMDB/backend/migrations/000019_api_keys_invitations.up.sql:19–32`; `/home/runner/work/Reticora-CMDB/Reticora-CMDB/backend/internal/user/handler.go:62–91`; `/home/runner/work/Reticora-CMDB/Reticora-CMDB/frontend/src/pages/UserManagementPage.tsx:50–103`";Tabelle mit Rolle, einfachem Scope, Hash und Ablauf-/Annahmezeit vorhanden, aber keine Ausgabe-/Annahme-/Erneuerungslogik. Sieben Tage, atomare Einmaligkeit und User-Anlage samt vordefinierter Rolle/Scope werden nicht durchgesetzt.;/home/runner/work/Reticora-CMDB/Reticora-CMDB/docs/audit/07-api-suche-jobs-lebenszyklus.md:51
TLC-04;[B];07;ABWEICHEND;Critical;L;"`/home/runner/work/Reticora-CMDB/Reticora-CMDB/backend/internal/user/pg_repository.go:195–279,984–990`; `/home/runner/work/Reticora-CMDB/Reticora-CMDB/backend/internal/middleware/auth.go:136–171`; `/home/runner/work/Reticora-CMDB/Reticora-CMDB/backend/internal/identity/handler.go:133–184`; `/home/runner/work/Reticora-CMDB/Reticora-CMDB/backend/internal/identity/apikey_store.go:24–29`";"Deaktivierung ändert nur `is_active`; Sessions/Refresh prüfen den Status nicht, API-Keys werden nicht gekoppelt widerrufen und erneuter Login setzt aktiv wieder auf true. Keine Refresh-Cookies oder Owner-offen-/Übergaberegel beim direkten Löschen; einzelne FKs sind kein fachlicher Ersatz.";/home/runner/work/Reticora-CMDB/Reticora-CMDB/docs/audit/07-api-suche-jobs-lebenszyklus.md:52
TLC-05;[P3];07;OFFEN;–;–;"`/home/runner/work/Reticora-CMDB/Reticora-CMDB/backend/internal/export/job_handler.go:40–44`; `/home/runner/work/Reticora-CMDB/Reticora-CMDB/backend/internal/export/worker.go:14–29,45–48,95–114`; `/home/runner/work/Reticora-CMDB/Reticora-CMDB/backend/internal/user/handler.go:215–287`";"Kein Vollmandantenexport aller Tabellen als JSONL plus Dokument-ZIP gefunden; CI-Export mit 24 Stunden Aufbewahrung und Personenauskunft sind andere Funktionen. Generische Jobbasis muss ergänzt werden, keine prinzipielle Architekturblockade belegt.";/home/runner/work/Reticora-CMDB/Reticora-CMDB/docs/audit/07-api-suche-jobs-lebenszyklus.md:53
TLC-06;[P3];07;OFFEN;–;–;"`/home/runner/work/Reticora-CMDB/Reticora-CMDB/backend/internal/privacy/privacy.go:46–58,119–152`; `/home/runner/work/Reticora-CMDB/Reticora-CMDB/backend/internal/server/router.go:113,237`";"Privacy löscht/anonymisiert Personen, nicht Org samt S3/Vault/Index nach MFA/Karenz. Keine Org-Löschzustandsmaschine gefunden; spätere Ergänzung nicht nachweislich blockiert.";/home/runner/work/Reticora-CMDB/Reticora-CMDB/docs/audit/07-api-suche-jobs-lebenszyklus.md:54
TLC-07;[P4];07;OFFEN;–;–;"`/home/runner/work/Reticora-CMDB/Reticora-CMDB/backend/internal/tenantapi/handler.go:22–46`; `/home/runner/work/Reticora-CMDB/Reticora-CMDB/backend/internal/server/router.go:NewRouter`";"Kein Reseller-Wechsel mit beidseitiger Bestätigung implementiert; Tenant-API verwaltet nur Clients/Standorte. Keine belegte unveränderbare Baselinestruktur verhindert eine spätere Ergänzung.";/home/runner/work/Reticora-CMDB/Reticora-CMDB/docs/audit/07-api-suche-jobs-lebenszyklus.md:55
NTF-01;[B];07;FAIL;High;L;"`/home/runner/work/Reticora-CMDB/Reticora-CMDB/backend/internal/monitoring/evaluator.go:34–50`; `/home/runner/work/Reticora-CMDB/Reticora-CMDB/backend/cmd/server/main.go:279–283`; `/home/runner/work/Reticora-CMDB/Reticora-CMDB/backend/internal/server/router.go:209–250`";Keine `notification_channel`-Tabelle oder Provider-/SMTP-Implementierung mit verschlüsselter Konfiguration und Org-Absender gefunden. Produktion übergibt dem Alert-Evaluator nil und protokolliert dadurch nur, statt E-Mail zu senden (CH24).;/home/runner/work/Reticora-CMDB/Reticora-CMDB/docs/audit/07-api-suche-jobs-lebenszyklus.md:56
NTF-02;"[P3]; Provider [V]";07;OFFEN;–;–;"`/home/runner/work/Reticora-CMDB/Reticora-CMDB/backend/internal/monitoring/monitoring.go:Notifier`; `/home/runner/work/Reticora-CMDB/Reticora-CMDB/backend/cmd/server/main.go:279–283`";"Keine SMS-/Pager- oder Eskalations-/Bestätigungsimplementierung gefunden; Providerbasis muss später ergänzt werden, keine prinzipielle Blockade belegt. Die vorgeschlagenen Produktnamen erzeugen keine Pflichtbefunde.";/home/runner/work/Reticora-CMDB/Reticora-CMDB/docs/audit/07-api-suche-jobs-lebenszyklus.md:57
NTF-03;[B];07;FAIL;High;L;"`/home/runner/work/Reticora-CMDB/Reticora-CMDB/backend/internal/contact/model.go:7–18,62–69`; `/home/runner/work/Reticora-CMDB/Reticora-CMDB/backend/internal/user/model.go:38–57`; `/home/runner/work/Reticora-CMDB/Reticora-CMDB/backend/internal/maintenance/pg_repository.go:208–245`";Keine Empfängerauflösung für Nutzer/Team/Kontaktrollen/Client-Kontakte sowie keine Ereignisvorlagen, Nachrichten-i18n oder Org-Branding. Wartungsfunktion zählt lediglich Client-IDs und ersetzt keinen Empfängerresolver.;/home/runner/work/Reticora-CMDB/Reticora-CMDB/docs/audit/07-api-suche-jobs-lebenszyklus.md:58
NTF-04;[B];07;FAIL;High;L;"`/home/runner/work/Reticora-CMDB/Reticora-CMDB/frontend/src/components/ui/Toast.tsx:15–22,66–82`; `/home/runner/work/Reticora-CMDB/Reticora-CMDB/backend/internal/monitoring/evaluator.go:144–154`; `/home/runner/work/Reticora-CMDB/Reticora-CMDB/backend/internal/webhook/dispatcher.go:405–421`";Keine allgemeine `notification_delivery`, Ruhezeiten, Opt-out, Digest oder persistentes UI-Center gefunden. Toasts, Firing-Deduplizierung und Webhook-Retry sind jeweils andere Mechanismen.;/home/runner/work/Reticora-CMDB/Reticora-CMDB/docs/audit/07-api-suche-jobs-lebenszyklus.md:59
NTF-05;"[B]; Zusätze [P2], [P3]";07;FAIL;High;L;"`/home/runner/work/Reticora-CMDB/Reticora-CMDB/backend/internal/export/worker.go:113–123`; `/home/runner/work/Reticora-CMDB/Reticora-CMDB/backend/internal/webhook/webhook.go:45–68`; `/home/runner/work/Reticora-CMDB/Reticora-CMDB/backend/internal/maintenance/pg_repository.go:208–245`; `/home/runner/work/Reticora-CMDB/Reticora-CMDB/backend/internal/monitoring/evaluator.go:34–50`";"Alle acht Baseline-Ereignisse fehlen als tatsächliche Benachrichtigungskette (Einzelliste unten). Vorhandener P3-Wartungscode meldet sogar `sent`/`notified` ohne Versand; weitere fehlende P2-/P3-Ereignisse bleiben OFFEN.";/home/runner/work/Reticora-CMDB/Reticora-CMDB/docs/audit/07-api-suche-jobs-lebenszyklus.md:60
JOB-01;[B];07;ABWEICHEND;High;L;"`/home/runner/work/Reticora-CMDB/Reticora-CMDB/backend/migrations/000017_export_jobs.up.sql:4–33`; `/home/runner/work/Reticora-CMDB/Reticora-CMDB/backend/migrations/000035_export_job_formats.up.sql:13–22`; `/home/runner/work/Reticora-CMDB/Reticora-CMDB/backend/internal/export/job.go:9–43`; `/home/runner/work/Reticora-CMDB/Reticora-CMDB/backend/internal/export/worker.go:95–144`; `/home/runner/work/Reticora-CMDB/Reticora-CMDB/backend/internal/export/pg_job_repository.go:174–198`";"Exportjobs sind persistent, aber Status, Felder und Org-Nullbarkeit entsprechen nicht `job`; Ausführung pollt Postgres statt NATS-Work-Queue. Retry/Backoff, kindbezogene Timeouts und Wiederaufnahme liegengebliebener `running`-Jobs fehlen; Ergebnis-RLS schützt nur die Organisation.";/home/runner/work/Reticora-CMDB/Reticora-CMDB/docs/audit/07-api-suche-jobs-lebenszyklus.md:61
JOB-02;"[B]; Zusätze [P2], [P3]";07;PARTIAL;High;L;"`/home/runner/work/Reticora-CMDB/Reticora-CMDB/backend/cmd/server/main.go:266–291`; `/home/runner/work/Reticora-CMDB/Reticora-CMDB/backend/internal/reservation/sweeper.go:25–44`; `/home/runner/work/Reticora-CMDB/Reticora-CMDB/backend/internal/workflow/executor.go:246`; `/home/runner/work/Reticora-CMDB/Reticora-CMDB/backend/internal/privacy/handler.go:RegisterRoutes`";"Einzelne Ticker ersetzen keine vollständigen Cron-Systemjobdefinitionen; kein Advisory-Lock je Kind und kein persistentes, begrenztes Catch-up gefunden. Die acht Baseline-Systemjobs sind nicht als vollständiger Scheduler verdrahtet; die späteren Computed-/Workflow-Zeitpläne bleiben OFFEN.";/home/runner/work/Reticora-CMDB/Reticora-CMDB/docs/audit/07-api-suche-jobs-lebenszyklus.md:62
JOB-03;[B];07;PARTIAL;High;L;"`/home/runner/work/Reticora-CMDB/Reticora-CMDB/backend/internal/export/job_handler.go:40–44`; `/home/runner/work/Reticora-CMDB/Reticora-CMDB/frontend/src/pages/ExportPage.tsx:ExportPage`; `/home/runner/work/Reticora-CMDB/Reticora-CMDB/backend/internal/middleware/metrics.go`; `/home/runner/work/Reticora-CMDB/Reticora-CMDB/frontend/src/App.tsx`";Export-/Discoverylisten sind vorhanden, aber die vier generischen Endpunkte einschließlich Cancel/Revert und ein allgemeines Jobcenter fehlen. Keine Jobmetriken für Dauer, Fehler, Rückstau und Alter des ältesten queued Jobs gefunden.;/home/runner/work/Reticora-CMDB/Reticora-CMDB/docs/audit/07-api-suche-jobs-lebenszyklus.md:63
JOB-04;[B];07;PARTIAL;High;L;"`/home/runner/work/Reticora-CMDB/Reticora-CMDB/backend/cmd/server/main.go:266–273`; `/home/runner/work/Reticora-CMDB/Reticora-CMDB/backend/internal/export/worker.go:95–117`; `/home/runner/work/Reticora-CMDB/Reticora-CMDB/backend/internal/discovery/review.go:286–310`; `/home/runner/work/Reticora-CMDB/Reticora-CMDB/backend/internal/history/handler.go:87–91`; `/home/runner/work/Reticora-CMDB/Reticora-CMDB/frontend/src/pages/CIListPage.tsx:71–89`";"Nur der gesonderte Exportweg läuft tatsächlich als persistenter Hintergrundjob; Bulk und Review-Merge laufen ohne Job, State-Snapshot wird synchron berechnet. Import, vollständiger CI-Merge, Template-Migration, Org-Export/-Löschung und Index-DDL haben keine solche Jobanbindung.";/home/runner/work/Reticora-CMDB/Reticora-CMDB/docs/audit/07-api-suche-jobs-lebenszyklus.md:64

AST-01;[P2];09;ABWEICHEND;Critical;L;"`/home/runner/work/Reticora-CMDB/Reticora-CMDB/backend/internal/asset/model.go:7–30`; `/home/runner/work/Reticora-CMDB/Reticora-CMDB/backend/internal/asset/handler.go:193–225`; `/home/runner/work/Reticora-CMDB/Reticora-CMDB/backend/internal/asset/pg_repository.go:49–68,91–95`; `/home/runner/work/Reticora-CMDB/Reticora-CMDB/backend/migrations/000023_rls_variable_unification.up.sql:45–64`";"Kaufdaten, Serial, Inventartag und RFID vorhanden, aber Pflichtfelder/kanonische Standort-/Lifecycle-API/Version fehlen; EUR fest statt Orgdefault, Barcode nicht org-eindeutig. Asset-RLS und Transaktionskontext prüfen nur Org, nicht Client/Site/Team.";/home/runner/work/Reticora-CMDB/Reticora-CMDB/docs/audit/09-module-phase2plus.md:29
AST-02;[P2];09;ABWEICHEND;High;L;"`/home/runner/work/Reticora-CMDB/Reticora-CMDB/backend/internal/assignment/handler.go:135–278`; `/home/runner/work/Reticora-CMDB/Reticora-CMDB/backend/migrations/000010_phase2_assignments.up.sql:4–27`";"Benutzerzuweisung/Rückgabe/Transfer/Fälligkeit und Signaturdaten vorhanden, keine Teamzuweisung. Transfer über getrennte Commits; Assignment bleibt schreibbare Autorität statt Projektion aus stock_movement.";/home/runner/work/Reticora-CMDB/Reticora-CMDB/docs/audit/09-module-phase2plus.md:30
AST-03;[P2];09;PARTIAL;Medium;M;"`/home/runner/work/Reticora-CMDB/Reticora-CMDB/backend/migrations/000009_phase2_assets.up.sql:4–35`; `/home/runner/work/Reticora-CMDB/Reticora-CMDB/backend/internal/discovery/discovery.go:713–740`";"Assetlose CIs, CI-lose Assets und optionale Verbindung möglich; Discovery erzeugt hier nur CIs. Durchgängige physische Dublettenfreiheit fehlt als Nachweis, separate Matchingabweichungen siehe REC-02/REC-11 in Teil 05.";/home/runner/work/Reticora-CMDB/Reticora-CMDB/docs/audit/09-module-phase2plus.md:31
AST-04;[P2];09;ABWEICHEND;High;L;"`/home/runner/work/Reticora-CMDB/Reticora-CMDB/backend/migrations/000055_cmdb_extensions.up.sql:445–482`; `/home/runner/work/Reticora-CMDB/Reticora-CMDB/backend/internal/ci/pg_repository.go:330–337`";"Mehrere Kind-CIs und Parentanzeige über Composition vorhanden, aber ci.asset_id/primary_ci_id und eindeutiger Parent fehlen. CI-Serial bleibt beschreibbar; automatische eindeutige Serialverknüpfung mit auditiertem serial_mismatch-Review nicht umgesetzt.";/home/runner/work/Reticora-CMDB/Reticora-CMDB/docs/audit/09-module-phase2plus.md:32
AST-05;[P2];09;ABWEICHEND;Critical;L;"`/home/runner/work/Reticora-CMDB/Reticora-CMDB/backend/internal/composition/model.go:10–52`; `/home/runner/work/Reticora-CMDB/Reticora-CMDB/backend/migrations/000057_composition_acyclic.up.sql:13–55`; `/home/runner/work/Reticora-CMDB/Reticora-CMDB/backend/migrations/000056_rls_enforcement.up.sql:148–161`";"ci.parent_ci_id/child_mode fehlen; Flags ersetzen nicht den verlangten Kindvertrag, Zyklusschutz betrifft Assetkomposition. Zusätzlich löscht Migration 56 inkonsistente Composition-Zeilen vor FK-Härtung ohne Quarantäne; destruktiver Pfad belegt, tatsächliche Produktionsbetroffenheit N/P.";/home/runner/work/Reticora-CMDB/Reticora-CMDB/docs/audit/09-module-phase2plus.md:33
AST-06;[P2];09;ABWEICHEND;High;L;"`/home/runner/work/Reticora-CMDB/Reticora-CMDB/backend/internal/reservation/pg_repository.go:101–205`; `/home/runner/work/Reticora-CMDB/Reticora-CMDB/backend/internal/reservation/sweeper.go:38–44`";Reserve/Release und Unique-Index für aktive Assetreservierung bestehen, nicht aber gemeinsame gesperrte Zuweisungstransaktion. Expiry läuft ohne Org-Kontext gegen Org-RLS und ignoriert Fehler.;/home/runner/work/Reticora-CMDB/Reticora-CMDB/docs/audit/09-module-phase2plus.md:34
AST-07;[P2];09;ABWEICHEND;High;L;"`/home/runner/work/Reticora-CMDB/Reticora-CMDB/backend/migrations/000055_cmdb_extensions.up.sql:324–370`; `/home/runner/work/Reticora-CMDB/Reticora-CMDB/backend/internal/assignment/handler.go:34–58`";"stock_movement, asset_movement und mutable Assignments existieren parallel; keine einzige kanonische Bewegungshistorie. Bewegungsfehler nach Zuweisungserfolg werden ignoriert.";/home/runner/work/Reticora-CMDB/Reticora-CMDB/docs/audit/09-module-phase2plus.md:35
STK-01;[P2];09;PARTIAL;High;M;"`/home/runner/work/Reticora-CMDB/Reticora-CMDB/backend/internal/consumable/pg_repository.go:187–218`; `/home/runner/work/Reticora-CMDB/Reticora-CMDB/backend/internal/consumable/handler.go:174–196`; `/home/runner/work/Reticora-CMDB/Reticora-CMDB/frontend/src/pages/ConsumableListPage.tsx:65–72`";"Ein-/Ausgang wird transaktional mit Zeilensperre gebucht; Mindestbestand ist im UI markiert. Tatsächliche Mindestbestandsbenachrichtigung nach NTF-05 fehlt; Warnfarbe ist kein Versand.";/home/runner/work/Reticora-CMDB/Reticora-CMDB/docs/audit/09-module-phase2plus.md:36
STK-02;[P2];09;ABWEICHEND;High;L;"`/home/runner/work/Reticora-CMDB/Reticora-CMDB/backend/migrations/000055_cmdb_extensions.up.sql:286–320,376–392`; `/home/runner/work/Reticora-CMDB/Reticora-CMDB/backend/internal/movement/pg_repository.go:80–101`";Standortbaum vorhanden, Bestand aber global je Artikel mit einem Standort statt pro Bin. Transfer behandelt Menge als Abgang vom Gesamtbestand statt ortsbezogener Umbuchung.;/home/runner/work/Reticora-CMDB/Reticora-CMDB/docs/audit/09-module-phase2plus.md:37
STK-03;[P2];09;ABWEICHEND;High;L;"`/home/runner/work/Reticora-CMDB/Reticora-CMDB/backend/internal/movement/pg_repository.go:80–93,213–236`; `/home/runner/work/Reticora-CMDB/Reticora-CMDB/backend/internal/reservation/pg_repository.go:104–127`";"Mengenartikel werden nicht zu CIs; negative Anfangs-/Folgebestände und Überreservierung bleiben jedoch möglich. CHECK und atomare Verfügbarkeitsprüfung fehlen, Reservation und Release als Bewegung vermindern beide den Bestand.";/home/runner/work/Reticora-CMDB/Reticora-CMDB/docs/audit/09-module-phase2plus.md:38
STK-04;[P2];09;ABWEICHEND;High;L;"`/home/runner/work/Reticora-CMDB/Reticora-CMDB/backend/migrations/000045_consumables.up.sql:22–46`; `/home/runner/work/Reticora-CMDB/Reticora-CMDB/backend/internal/movement/model.go:10–44`; `/home/runner/work/Reticora-CMDB/Reticora-CMDB/backend/migrations/000055_cmdb_extensions.up.sql:324–370`";"Nur asset_movement ist append-only; stock_movement bleibt veränderbar und kaskadiert beim Consumable-Löschen. Einheitliche Typ-/Objekt-/Mengen-/Standort-/Akteur-/Grundsemantik fehlt; exklusiver Vaultentwurf aus CH16(V) allein kein Pflichtdefekt.";/home/runner/work/Reticora-CMDB/Reticora-CMDB/docs/audit/09-module-phase2plus.md:39
STK-05;[P2];09;ABWEICHEND;High;L;"`/home/runner/work/Reticora-CMDB/Reticora-CMDB/backend/internal/order/handler.go:155–230`; `/home/runner/work/Reticora-CMDB/Reticora-CMDB/backend/internal/order/pg_repository.go:228–246`";"Genehmigungsstatus ohne belastbare Übergangsprüfung; bereits Hinzufügen einer Position erzeugt receipt. Consumable-ID wird als QuantityItem-ID verwendet und Bewegungsfehler werden ignoriert.";/home/runner/work/Reticora-CMDB/Reticora-CMDB/docs/audit/09-module-phase2plus.md:40
INV-01;[P2];09;ABWEICHEND;High;L;`/home/runner/work/Reticora-CMDB/Reticora-CMDB/backend/internal/stocktake/pg_repository.go:189–221,294–356,463–574`;"Keine eingefrorene Sollmenge, Differenzen sind eingegebene Scanresultate; Abschluss ändert Assets direkt ohne stock_movement. Scans/Status/Löschung bleiben auch nach Abschluss möglich.";/home/runner/work/Reticora-CMDB/Reticora-CMDB/docs/audit/09-module-phase2plus.md:41
INV-02;"[P2]; Pro/delegiert [P4]";09;PARTIAL;Medium;M;"`/home/runner/work/Reticora-CMDB/Reticora-CMDB/backend/internal/entitlement/entitlement.go:49–77`; `/home/runner/work/Reticora-CMDB/Reticora-CMDB/backend/internal/entitlement/middleware.go:21–25`";"Standard-Plan und Stocktake-Routengate vorhanden, nicht vollständig abgenommen. Pro/delegierte Inventur und Binbereich als spätere Teilfunktionen OFFEN; keine G1-Strafe allein für ihr Fehlen.";/home/runner/work/Reticora-CMDB/Reticora-CMDB/docs/audit/09-module-phase2plus.md:42
INV-03;"[P2]; RFID/Direct-Access [P4]";09;ABWEICHEND;High;L;"`/home/runner/work/Reticora-CMDB/Reticora-CMDB/backend/internal/asset/label.go:9–49`; `/home/runner/work/Reticora-CMDB/Reticora-CMDB/backend/migrations/000051_rfid_gps.up.sql:3–6`";"Barcode speicherbar, aber ohne Unique-Index; SVG erzeugt keine echte scannerfähige Symbologie. Code128/QR-PDF, Vorlagen, Kamera und Barcode-Lookup fehlen; spätere RFID-Reader-/Direct-Access-Teile nicht zusätzlich G1-fällig.";/home/runner/work/Reticora-CMDB/Reticora-CMDB/docs/audit/09-module-phase2plus.md:43
MGT-01;[P2];09;ABWEICHEND;Critical;L;"`/home/runner/work/Reticora-CMDB/Reticora-CMDB/backend/internal/document/handler.go:153–175,297–324`; `/home/runner/work/Reticora-CMDB/Reticora-CMDB/backend/migrations/000011_phase2_documents.up.sql:28–37`; `/home/runner/work/Reticora-CMDB/Reticora-CMDB/backend/migrations/000023_rls_variable_unification.up.sql:47–48,57–64`";"Metadaten, Upload und Presign vorhanden, aber frei gesetzter StorageKey kann auf ein fremdes Org-Blob zeigen; Metadaten-RLS schützt nicht dessen Eigentümerschaft. Vertrag/Entsorgung/Location fehlen im Link-CHECK, außerdem vollständige Versionierung/Audit/Org-Speicherlimit; SEC-09-Detailtext N/P.";/home/runner/work/Reticora-CMDB/Reticora-CMDB/docs/audit/09-module-phase2plus.md:44
MGT-02;[P2];09;ABWEICHEND;Critical;L;"`/home/runner/work/Reticora-CMDB/Reticora-CMDB/backend/migrations/000049_disposal.up.sql:2–35`; `/home/runner/work/Reticora-CMDB/Reticora-CMDB/backend/internal/disposal/pg_repository.go:26–38,92–115`; `/home/runner/work/Reticora-CMDB/Reticora-CMDB/backend/internal/disposal/handler.go:128–140`";"Append-only-Trigger vorhanden, aber Lesen/Schreiben der asset-/CI-bezogenen Dokumentation schützt nur Org, nicht deren Client/Site/Team. Bewegung wird separat geschrieben und Fehler ignoriert; konkrete BSI-/ISO-Norm und Nachweiskriterien fehlen im Solltext.";/home/runner/work/Reticora-CMDB/Reticora-CMDB/docs/audit/09-module-phase2plus.md:45
MGT-03;[P4];09;ABWEICHEND;Critical;L;"`/home/runner/work/Reticora-CMDB/Reticora-CMDB/backend/migrations/000050_keys_training_desks.up.sql:4–28,80–90`; `/home/runner/work/Reticora-CMDB/Reticora-CMDB/backend/internal/keymgmt/pg_repository.go:28–40,109–115,200–247`";"Schlüssel mit Ausgabe/Rückgabe und PG-Zeilensperre existieren; client_id wird gespeichert, aber RLS/Repository prüfen ausschließlich Org. Clientgescopte Lese-/Schreibrechte begrenzen Schlüssel und Ausgaben daher nicht zuverlässig.";/home/runner/work/Reticora-CMDB/Reticora-CMDB/docs/audit/09-module-phase2plus.md:46
MGT-04;[P3];09;ABWEICHEND;Critical;L;"`/home/runner/work/Reticora-CMDB/Reticora-CMDB/backend/internal/maintenance/pg_repository.go:28–40,208–248`; `/home/runner/work/Reticora-CMDB/Reticora-CMDB/backend/migrations/000048_maintenance.up.sql`";"Fenster/CI-Zuordnung bestehen, aber Empfänger werden nur aus direkt zugeordneten CIs statt Graphimpact ermittelt; sent wird ohne Versand gespeichert. Der PG-Pfad setzt nur Org und überträgt keinen Client-/Site-/Team-Scope auf die CI-Abfrage; Scopebefund Critical, Versand-/Graphbefund High.";/home/runner/work/Reticora-CMDB/Reticora-CMDB/docs/audit/09-module-phase2plus.md:47
MGT-05;[P4];09;ABWEICHEND;Critical;L;"`/home/runner/work/Reticora-CMDB/Reticora-CMDB/backend/internal/desk/pg_repository.go:28–40,195–220`; `/home/runner/work/Reticora-CMDB/Reticora-CMDB/backend/migrations/000050_keys_training_desks.up.sql:57–90`";"Buchungen bestehen, jedoch Org-only statt geerbter Room/Site-/Team-Sichtbarkeit. Überlappung wird per SELECT vor INSERT ohne Zeilensperre/Exclusion geprüft; parallele Transaktionen können denselben Zeitraum buchen.";/home/runner/work/Reticora-CMDB/Reticora-CMDB/docs/audit/09-module-phase2plus.md:48
MGT-06;[P4];09;ABWEICHEND;Critical;L;"`/home/runner/work/Reticora-CMDB/Reticora-CMDB/backend/internal/desk/handler.go:24–35`; `/home/runner/work/Reticora-CMDB/Reticora-CMDB/backend/internal/desk/pg_repository.go:28–40,111–180`; `/home/runner/work/Reticora-CMDB/Reticora-CMDB/backend/migrations/000050_keys_training_desks.up.sql:57–66,80–90`";"Arbeitsplatzgrundverwaltung über Desk-CRUD, Raumreferenz, Status und Attribute vorhanden; kein zusätzlich erfundener Funktionsumfang. Dieselbe fehlende Standort-/Teamschranke wie MGT-05 betrifft auch Verwaltung/Lesen; gemeinsame Ursache, nicht unabhängige Schwachstelle.";/home/runner/work/Reticora-CMDB/Reticora-CMDB/docs/audit/09-module-phase2plus.md:49
MGT-07;[P4];09;ABWEICHEND;Critical;L;"`/home/runner/work/Reticora-CMDB/Reticora-CMDB/backend/internal/training/pg_repository.go:28–40,176–218`; `/home/runner/work/Reticora-CMDB/Reticora-CMDB/backend/migrations/000050_keys_training_desks.up.sql:30–54,80–90`";"Kurse, Nutzerzuordnung, Fälligkeit, Abschluss und Proof-Key bestehen; Training-Assignments sind mit bloßem Org-Kontext les-/änderbar. Die zugewiesenen Nutzer-/Teamgrenzen werden weder durch FK noch RLS-Prädikat übernommen.";/home/runner/work/Reticora-CMDB/Reticora-CMDB/docs/audit/09-module-phase2plus.md:50
MGT-08;[P4];09;OFFEN;–;–;Suche in `/home/runner/work/Reticora-CMDB/Reticora-CMDB/backend/internal/`, `/home/runner/work/Reticora-CMDB/Reticora-CMDB/backend/migrations/` und `/home/runner/work/Reticora-CMDB/Reticora-CMDB/api/openapi.yaml` ohne Dispositionsmodul/-tabellen/-routen.;"Kein eigener Implementierungsbestand; Webhookdispatcher oder Termin-/Buchungsbausteine sind kein Nachweis für Disposition. Keine weitere Detailprüfung fehlender späterer Funktion.";/home/runner/work/Reticora-CMDB/Reticora-CMDB/docs/audit/09-module-phase2plus.md:51
MGT-09;[P4];09;OFFEN;–;–;"Gleiche Modul-/Migrations-/OpenAPI-Suche wie MGT-08; `/home/runner/work/Reticora-CMDB/Reticora-CMDB/backend/internal/monitoring/monitoring.go` nur technische Messwerte.";"Kein entsprechendes Modul; technische Monitoringmetriken nicht als kaufmännische Leistungserfassung umgedeutet.";/home/runner/work/Reticora-CMDB/Reticora-CMDB/docs/audit/09-module-phase2plus.md:52
MGT-10;[P5];09;OFFEN;–;–;Modul-/Migrations-/Routensuche in `/home/runner/work/Reticora-CMDB/Reticora-CMDB/backend/` und `/home/runner/work/Reticora-CMDB/Reticora-CMDB/api/openapi.yaml` ohne Servicekostenanalyse.;"Keine Servicekostenanalyse gefunden; vorhandene Asset-Kaufdaten sind kein Nachweis.";/home/runner/work/Reticora-CMDB/Reticora-CMDB/docs/audit/09-module-phase2plus.md:53
MGT-11;[P5];09;ABWEICHEND;Critical;L;"`/home/runner/work/Reticora-CMDB/Reticora-CMDB/backend/migrations/000009_phase2_assets.up.sql:28–30`; `/home/runner/work/Reticora-CMDB/Reticora-CMDB/frontend/src/pages/AssetListPage.tsx:24–30,297–300`; `/home/runner/work/Reticora-CMDB/Reticora-CMDB/backend/internal/asset/handler.go:193–212`; `/home/runner/work/Reticora-CMDB/Reticora-CMDB/backend/migrations/000023_rls_variable_unification.up.sql:45–64`";"Öffentliches Cloud-Asset-CRUD über category=cloud_resource existiert, daher nicht OFFEN. Derselbe Org-only-Scopefehler wie AST-01 betrifft diese Daten; kein zusätzlich ungenannter Providerimport als Pflicht behauptet.";/home/runner/work/Reticora-CMDB/Reticora-CMDB/docs/audit/09-module-phase2plus.md:54
MGT-12;[P2];09;OFFEN;–;–;"`/home/runner/work/Reticora-CMDB/Reticora-CMDB/backend/migrations/000011_phase2_documents.up.sql:19–20`; `/home/runner/work/Reticora-CMDB/Reticora-CMDB/backend/internal/fieldmeta/fieldmeta.go`; keine contract-Tabelle/-Route im Migrations-/OpenAPI-Bestand.";"contract-Dokumentkategorie und contract_ref-Typwort ersetzen weder Vertragsdatensatz noch Referenzauflösung/Ablaufprozess. Kein eigenes Vertragsmodul gefunden; spätere additive Umsetzung nicht nachweislich blockiert.";/home/runner/work/Reticora-CMDB/Reticora-CMDB/docs/audit/09-module-phase2plus.md:55
TKT-01;"[P2]; Pro [P4]; Monitoring/Findings/Automationen [P3]";09;ABWEICHEND;Critical;L;"`/home/runner/work/Reticora-CMDB/Reticora-CMDB/backend/internal/ticket/model.go:7–38`; `/home/runner/work/Reticora-CMDB/Reticora-CMDB/backend/internal/ticket/pg_repository.go:59–78,371–389`; `/home/runner/work/Reticora-CMDB/Reticora-CMDB/backend/migrations/000023_rls_variable_unification.up.sql:51–52,57–64`; `/home/runner/work/Reticora-CMDB/Reticora-CMDB/backend/internal/server/router.go:236`";"Status/Priorität/Assignee/CI-/Asset-Bezug, Kommentare und SLA-Anbindung vorhanden; Ticket-/Kommentarzugriff erzwingt nur Org trotz Team-/Objektbezug. Vollständige Essential-/Standard-/Pro-Abgrenzung und Erzeugung aus allen geforderten Quellen nicht nachgewiesen.";/home/runner/work/Reticora-CMDB/Reticora-CMDB/docs/audit/09-module-phase2plus.md:56
TKT-02;[P2];09;ABWEICHEND;High;L;"`/home/runner/work/Reticora-CMDB/Reticora-CMDB/backend/internal/sla/calendar.go:5–12,28–76`; `/home/runner/work/Reticora-CMDB/Reticora-CMDB/backend/internal/sla/pg_repository.go:169–187`; `/home/runner/work/Reticora-CMDB/Reticora-CMDB/backend/migrations/000026_permissions_sla.up.sql`";"Geschäftsstunden sind fest Mo–Fr 08–18 UTC ohne Feiertage, nicht Client-/Org-Kalender und -Zeitzone. Automatische PG-SLA-Wahl übergibt leere Client-ID; vorhandene Wochenendtests bestätigen nur den vereinfachten Istvertrag.";/home/runner/work/Reticora-CMDB/Reticora-CMDB/docs/audit/09-module-phase2plus.md:57
TKT-03;[O];09;OFFEN;–;–;"`/home/runner/work/Reticora-CMDB/Reticora-CMDB/backend/internal/ticket/model.go:7–38`; `/home/runner/work/Reticora-CMDB/Reticora-CMDB/backend/internal/ticket/handler.go:37–46`; `/home/runner/work/Reticora-CMDB/Reticora-CMDB/backend/migrations/000031_schema_corrections.up.sql:17–18`";"Internes Ticket-CRUD, aber kein Providerinterface mit fünf Operationen und keine generische external_ref an Ticketobjekten; nur Client besitzt external_ref. [O] beeinflusst G1 nicht; Spannungsverhältnis zum verbindlichen CH17 als offene Frage ausgewiesen.";/home/runner/work/Reticora-CMDB/Reticora-CMDB/docs/audit/09-module-phase2plus.md:58
AGT-01;[P4];09;PARTIAL;High;L;"`/home/runner/work/Reticora-CMDB/Reticora-CMDB/backend/cmd/agent/main.go:57–80`; `/home/runner/work/Reticora-CMDB/Reticora-CMDB/install-vm.sh:31`; `/home/runner/work/Reticora-CMDB/Reticora-CMDB/backend/agent`";"Agentprogramm und eingechecktes dynamisch gelinktes Linux-x86_64-ELF vorhanden. systemd-Installer betrifft Collector; Agent-systemd, launchd und vollständige plattformübergreifende Distribution nicht belegt.";/home/runner/work/Reticora-CMDB/Reticora-CMDB/docs/audit/09-module-phase2plus.md:59
AGT-02;[P4];09;ABWEICHEND;High;L;"`/home/runner/work/Reticora-CMDB/Reticora-CMDB/backend/cmd/agent/main.go:253–274`; `/home/runner/work/Reticora-CMDB/Reticora-CMDB/backend/internal/agent/handler.go:210–220`; `/home/runner/work/Reticora-CMDB/Reticora-CMDB/backend/internal/agent/model.go:23–28`";"Go-Prozessmetriken statt vollständigem Hardware-/Patch-/Dienst-/Prozessinventar. Software landet in ci.attributes.software_inventory statt installed_software; install_date/source fehlen, Remote-Actions nicht implementiert.";/home/runner/work/Reticora-CMDB/Reticora-CMDB/docs/audit/09-module-phase2plus.md:60
AGT-03;[P4];09;ABWEICHEND;Critical;L;"`/home/runner/work/Reticora-CMDB/Reticora-CMDB/backend/cmd/agent/main.go:45–54,111–127,180–235`; `/home/runner/work/Reticora-CMDB/Reticora-CMDB/collector/collectorcmd/collectorcmd.go:701–775`; `/home/runner/work/Reticora-CMDB/Reticora-CMDB/backend/internal/middleware/auth.go:96–150`";"Relay verwendet Klartext-TCP, direkter Client hat HTTP-Fallback; Backend erwartet API-Key/Bearer, Agent liefert keine solche Authentifizierung. Payload ist zusätzlich inkompatibel, gespoolte Agentdaten werden an Discovery statt Agenttelemetrie wiederholt gesendet.";/home/runner/work/Reticora-CMDB/Reticora-CMDB/docs/audit/09-module-phase2plus.md:61
AGT-04;[P4];09;ABWEICHEND;High;L;"`/home/runner/work/Reticora-CMDB/Reticora-CMDB/backend/cmd/agent/main.go:91,238–249`; `/home/runner/work/Reticora-CMDB/Reticora-CMDB/edgecore/update/update.go:64–151`; `/home/runner/work/Reticora-CMDB/Reticora-CMDB/frontend/src/pages/AgentListPage.tsx:28–85`";"Keine signierten Zielpakete/Agentupdates nachgewiesen; generischer Updater nicht am Agent verdrahtet. Heartbeat loggt alle 30 s, Telemetrie default 60 s statt verlangtem 5-min-Heartbeat; 30-min-Offlinedetektor und Policyübernahme fehlen trotz Backend-Kill-Switch-/Policyverwaltung.";/home/runner/work/Reticora-CMDB/Reticora-CMDB/docs/audit/09-module-phase2plus.md:62
AGT-05;[P4];09;ABWEICHEND;Critical;L;"`/home/runner/work/Reticora-CMDB/Reticora-CMDB/backend/internal/discovery/reconciliation.go:39–58`; `/home/runner/work/Reticora-CMDB/Reticora-CMDB/backend/internal/agent/handler.go:199–255`; `/home/runner/work/Reticora-CMDB/Reticora-CMDB/backend/internal/ci/pg_repository.go:330–352`";"Agent-Rang70 statt85; Agent umgeht zentrale Reconciliation/Provenienz und verwendet ersten Hostname-/Name-Treffer statt bestehendem ag.CIID als Anker. Direkte Attributupdates sichern weder Identitätsbeweis noch manuelle Overrides.";/home/runner/work/Reticora-CMDB/Reticora-CMDB/docs/audit/09-module-phase2plus.md:63
AGT-06;[P4];09;ABWEICHEND;Critical;L;"`/home/runner/work/Reticora-CMDB/Reticora-CMDB/backend/internal/agent/model.go:30–66`; `/home/runner/work/Reticora-CMDB/Reticora-CMDB/backend/internal/agent/handler.go:93–123`; `/home/runner/work/Reticora-CMDB/Reticora-CMDB/backend/migrations/000052_agents.up.sql:2–24`";"Registrierung ohne Client/Site-/Enrollment-Tokenbindung, generisches Enrollment nicht eingebunden. Org-only USING/WITH CHECK statt Bereichsbindung; Netzfingerprintvorschlag und manuelle Site-Bestätigung fehlen.";/home/runner/work/Reticora-CMDB/Reticora-CMDB/docs/audit/09-module-phase2plus.md:64
WFL-01;[P3];09;ABWEICHEND;Critical;L;"`/home/runner/work/Reticora-CMDB/Reticora-CMDB/backend/migrations/000027_workflows_forms.up.sql:10–38,92–97`; `/home/runner/work/Reticora-CMDB/Reticora-CMDB/backend/internal/form/pg_repository.go:22–34,116–148`; `/home/runner/work/Reticora-CMDB/Reticora-CMDB/frontend/src/pages/FormsPage.tsx:93–114`";"Definitionen/Einreichungen vorhanden, jedoch Schema überschreibbar ohne Version/Snapshotbindung; gemeinsame MET-45-Bedingungslogik fehlt. form_def.client_id wird nicht als RLS-Scope erzwungen, beide Klauseln nur Org.";/home/runner/work/Reticora-CMDB/Reticora-CMDB/docs/audit/09-module-phase2plus.md:65
WFL-02;[P3];09;ABWEICHEND;Critical;L;"`/home/runner/work/Reticora-CMDB/Reticora-CMDB/backend/internal/workflow/executor.go:30–41,87–132,194–240`; `/home/runner/work/Reticora-CMDB/Reticora-CMDB/backend/internal/workflow/pg_repository.go:222–254`; `/home/runner/work/Reticora-CMDB/Reticora-CMDB/backend/internal/server/router.go:242`";"Synchroner HTTP-Executor statt dauerhaften Event-/Zeitplan-Retries; set_ci_field ohne workflow-Provenienz/Rang92/Overrideprüfung und CI-Serialisierung. Notificationaktion fehlt, submit_form verwendet ungültige Akteur-UUID workflow; RLS nur Org.";/home/runner/work/Reticora-CMDB/Reticora-CMDB/docs/audit/09-module-phase2plus.md:66
WFL-03;[P3];09;PARTIAL;Medium;L;"`/home/runner/work/Reticora-CMDB/Reticora-CMDB/backend/internal/workflow/executor.go:194–216,244–270`; `/home/runner/work/Reticora-CMDB/Reticora-CMDB/frontend/src/pages/WorkflowPage.tsx:38–59`; `/home/runner/work/Reticora-CMDB/Reticora-CMDB/docs/audit/00-bestandsaufnahme.md:219–225`";"Generische Bedingungen/CI-Schreibaktion und UI-Liste/Start vorhanden. Beispielabdeckung N/P („v2-Text fehlt“), kein vollständiger Vertrag rekonstruiert; konkreter Schreibschutzfehler separat WFL-02.";/home/runner/work/Reticora-CMDB/Reticora-CMDB/docs/audit/09-module-phase2plus.md:67
WFL-04;"[P3]; delegierte Inventur [P4]; IGA [A]";09;ABWEICHEND;High;L;"`/home/runner/work/Reticora-CMDB/Reticora-CMDB/backend/internal/workflow/executor.go:44–84,165–240`; `/home/runner/work/Reticora-CMDB/Reticora-CMDB/backend/internal/iga/handler.go:308–345`; `/home/runner/work/Reticora-CMDB/Reticora-CMDB/backend/migrations/000029_iga.up.sql:69`";"Freigabe- und Signaturbausteine bestehen, aber vollständige Übergabe-/Bestell-/Wartungs-/IGA-Workflowketten fehlen. IGA speichert bei passender Definition deren ID als workflow_run_id statt einen Run zu starten; FK-Vertrag falsch, delegierte P4-Inventur weiterhin OFFEN.";/home/runner/work/Reticora-CMDB/Reticora-CMDB/docs/audit/09-module-phase2plus.md:68
IGA-01;[A];09;ABWEICHEND;High;L;"`/home/runner/work/Reticora-CMDB/Reticora-CMDB/backend/internal/iga/handler.go:18–37,434–453`; `/home/runner/work/Reticora-CMDB/Reticora-CMDB/backend/internal/entitlement/entitlement.go:78–93`; `/home/runner/work/Reticora-CMDB/Reticora-CMDB/backend/migrations/000029_iga.up.sql:126–146`";"Gemeinsame Kriterien IGA-01–04: Remediation erzeugt sofort Tasks ohne zweiten Freigeber; IGA wird aus Enterprise impliziert und RunDue ist nicht produktiv aufgerufen. Keine erfundene Aufteilung der vier v2-Detailverträge; deren Rest N/P („v2-Text fehlt“).";/home/runner/work/Reticora-CMDB/Reticora-CMDB/docs/audit/09-module-phase2plus.md:69
IGA-02;[A];09;ABWEICHEND;High;L;"`/home/runner/work/Reticora-CMDB/Reticora-CMDB/backend/internal/iga/handler.go:434–453`; `/home/runner/work/Reticora-CMDB/Reticora-CMDB/backend/internal/entitlement/entitlement.go:78–93`; `/home/runner/work/Reticora-CMDB/Reticora-CMDB/backend/internal/iga/connector.go:27–36,220–246`";"Gleiche gemeinsame Kriterien und High-Befunde wie IGA-01; Connectorframework vorhanden, vollständige produktive Relay-/Writerkette nicht belegt. v2-Detailumfang N/P; Befund/Aufwand nicht vierfach als unabhängige Ursache zählen.";/home/runner/work/Reticora-CMDB/Reticora-CMDB/docs/audit/09-module-phase2plus.md:70
IGA-03;[A];09;ABWEICHEND;High;L;"`/home/runner/work/Reticora-CMDB/Reticora-CMDB/backend/internal/iga/handler.go:434–453`; `/home/runner/work/Reticora-CMDB/Reticora-CMDB/backend/internal/entitlement/entitlement.go:78–93`; `/home/runner/work/Reticora-CMDB/Reticora-CMDB/backend/internal/iga/jml.go:14–41,63–109`";"Gemeinsamer Gruppenbefund, keine Behauptung, IGA-03 bezeichne im fehlenden v2 ausschließlich JML. Vorhandene JML-/Taskbausteine heilen fehlende Freigabe und separate Add-on-Zuordnung nicht; Rest N/P.";/home/runner/work/Reticora-CMDB/Reticora-CMDB/docs/audit/09-module-phase2plus.md:71
IGA-04;[A];09;ABWEICHEND;High;L;"`/home/runner/work/Reticora-CMDB/Reticora-CMDB/backend/internal/iga/handler.go:382–402,434–453`; `/home/runner/work/Reticora-CMDB/Reticora-CMDB/backend/internal/iga/pg_repository.go:462–476`; `/home/runner/work/Reticora-CMDB/Reticora-CMDB/backend/internal/entitlement/entitlement.go:78–93`";"Gemeinsamer Gruppenbefund: gespeicherter Entscheider ist noch kein erzwungenes Vier-Augen-Prinzip. Keine selbst erfundene v2-ID-Zuordnung; restliche Kriterien N/P.";/home/runner/work/Reticora-CMDB/Reticora-CMDB/docs/audit/09-module-phase2plus.md:72
AI-01;[A];09;ABWEICHEND;Critical;L;"`/home/runner/work/Reticora-CMDB/Reticora-CMDB/backend/internal/ai/retrieval.go:38–112`; `/home/runner/work/Reticora-CMDB/Reticora-CMDB/backend/internal/ai/pg_repository.go:91–113`; `/home/runner/work/Reticora-CMDB/Reticora-CMDB/backend/migrations/000030_search_ai.up.sql:49–76`";"RAG mit Orgfilter und ressourcenweiten Rechten vorhanden, aber Chunks verlieren Quellobjekt-Scope und Feldrechte. Quellenliste/Promptanweisung garantieren keine zitierte Antwort; ohne Treffer wird weiterhin eine Providerantwort erzeugt.";/home/runner/work/Reticora-CMDB/Reticora-CMDB/docs/audit/09-module-phase2plus.md:73
AI-02;[A];09;ABWEICHEND;High;L;"`/home/runner/work/Reticora-CMDB/Reticora-CMDB/backend/cmd/server/main.go:217–229`; `/home/runner/work/Reticora-CMDB/Reticora-CMDB/backend/internal/ai/ci_indexer.go:34–50`; `/home/runner/work/Reticora-CMDB/Reticora-CMDB/backend/internal/ai/provider.go:13–17,34–63,92–106`";"Global konfigurierte Embeddings laufen bereits bei CI-Mutationen ohne Org-Opt-in und ohne AI-Entitlementprüfung; Air-Gap-Abschaltung fehlt. EU-/Self-Hosting ist konfigurierbar, tatsächlicher Verarbeitungsort/Nichttraining ohne Vertrags-/Deploymentbelege N/P; kein unzulässiges Training behauptet.";/home/runner/work/Reticora-CMDB/Reticora-CMDB/docs/audit/09-module-phase2plus.md:74
GLO-10;[B];08;ABWEICHEND;Medium;L;"`/home/runner/work/Reticora-CMDB/Reticora-CMDB/frontend/src/stores/dashboard.ts:3–21,35–38`; `/home/runner/work/Reticora-CMDB/Reticora-CMDB/frontend/src/pages/DiscoveryPage.tsx:126–133`; `/home/runner/work/Reticora-CMDB/Reticora-CMDB/frontend/src/pages/StocktakeListPage.tsx:11–25,110–112`";"Persistierte Dashboard-Enumwerte technik/einkauf sind nicht englisch; Collector-/Inventurstatus werden als technische Schlüssel und Auswahlbeschriftungen teils als deutsche Literale angezeigt. Katalogparität allein erfüllt Anzeige ausschließlich über i18n nicht.";/home/runner/work/Reticora-CMDB/Reticora-CMDB/docs/audit/08-frontend-monitoring-nfr-tests.md:30
GLO-11;[Q];08;FAIL;High;L;"`/home/runner/work/Reticora-CMDB/Reticora-CMDB/README.md:352`; `/home/runner/work/Reticora-CMDB/Reticora-CMDB/.github/workflows/ci.yml:12–215`; `/home/runner/work/Reticora-CMDB/Reticora-CMDB/Makefile:10–119`; Pfadkontrolle docs/traceability.csv: fehlt";"README behauptet ID→Epic/Test-Rückverfolgbarkeit, aber Datei und CI-Prüfung fehlen. 0/261 bekannte verpflichtend getaggte IDs haben einen Eintrag; unbekannte IDs aus Teil 03 sind nicht im Nenner.";/home/runner/work/Reticora-CMDB/Reticora-CMDB/docs/audit/08-frontend-monitoring-nfr-tests.md:31
MON-01;[B];08;ABWEICHEND;Critical;L;"`/home/runner/work/Reticora-CMDB/Reticora-CMDB/backend/migrations/000020_metrics.up.sql:6–59`; `/home/runner/work/Reticora-CMDB/Reticora-CMDB/backend/migrations/000031_schema_corrections.up.sql:41`; `/home/runner/work/Reticora-CMDB/Reticora-CMDB/backend/internal/monitoring/pg_store.go:107–115`";"7-Tage-Kompression, 400-Tage-Retention und umbenanntes Aggregate vorhanden; explizite Tages-Chunks und RLS einschließlich USING/WITH CHECK fehlen. Stundenabfragen referenzieren weiter metric_sample_hourly statt metric_sample_1h.";/home/runner/work/Reticora-CMDB/Reticora-CMDB/docs/audit/08-frontend-monitoring-nfr-tests.md:32
MON-02;[B];08;ABWEICHEND;High;L;"`/home/runner/work/Reticora-CMDB/Reticora-CMDB/backend/internal/monitoring/monitoring.go:456–464`; `/home/runner/work/Reticora-CMDB/Reticora-CMDB/collector/collectorcmd/collectorcmd.go:620–642`; `/home/runner/work/Reticora-CMDB/Reticora-CMDB/backend/internal/monitoring/pg_store.go:51–54`; `/home/runner/work/Reticora-CMDB/Reticora-CMDB/collector/plugins/power/power.go:181–185`; `/home/runner/work/Reticora-CMDB/Reticora-CMDB/frontend/src/pages/CIDetailPage.tsx:5–21,66–74`";"Globale Monitoring-Route und separates Balkendiagramm statt /cis/{id}/metrics mit Detail-Metriklinie; Sweep-Zeitreihe und tatsächliche Power-Messwerte fehlen. SNMP-Uploads enthalten keine ci_id und verletzen damit den NOT-NULL-Vertrag der Persistenz.";/home/runner/work/Reticora-CMDB/Reticora-CMDB/docs/audit/08-frontend-monitoring-nfr-tests.md:33
MON-03;[P3];08;PARTIAL;High;L;"`/home/runner/work/Reticora-CMDB/Reticora-CMDB/collector/collectorcmd/collectorcmd.go:573–615,803–845`; `/home/runner/work/Reticora-CMDB/Reticora-CMDB/collector/plugins/snmp/poll.go:14–61`; `/home/runner/work/Reticora-CMDB/Reticora-CMDB/frontend/src/pages/MonitoringPage.tsx:79–126`";SNMP-Intervall/OIDs sind per Umgebung konfigurierbar, Polling standardmäßig deaktiviert. Redfish-Metrikpolling und Charts mit Schwellwerten fehlen.;/home/runner/work/Reticora-CMDB/Reticora-CMDB/docs/audit/08-frontend-monitoring-nfr-tests.md:34
MON-04;[P3];08;ABWEICHEND;High;L;"`/home/runner/work/Reticora-CMDB/Reticora-CMDB/backend/internal/monitoring/monitoring.go:53–69`; `/home/runner/work/Reticora-CMDB/Reticora-CMDB/backend/internal/monitoring/evaluator.go:34–50,94–154`; `/home/runner/work/Reticora-CMDB/Reticora-CMDB/backend/internal/monitoring/pg_alert_store.go:200–237`; `/home/runner/work/Reticora-CMDB/Reticora-CMDB/backend/cmd/server/main.go:275–283`";"Feste gt/lt/eq-Schwellwerte statt gemeinsamer JSON-AST; produktiver Notifier loggt nur, ohne Folgeaktionen/Health-Berechnung. Samples werden orgweit statt CI-bezogen ausgewertet, PG-Zustandsupdates laufen ohne erforderlichen Tenantkontext gegen FORCE-RLS.";/home/runner/work/Reticora-CMDB/Reticora-CMDB/docs/audit/08-frontend-monitoring-nfr-tests.md:35
UI-01;[B];08;PARTIAL;Medium;L;"`/home/runner/work/Reticora-CMDB/Reticora-CMDB/frontend/src/App.tsx:82–90,300–356`; `/home/runner/work/Reticora-CMDB/Reticora-CMDB/frontend/src/components/cmdb/CIDetailSections.tsx:211–340`; gemeinsame UI-01–10-Inventur unten";"Gemeinsame ausdrücklich genannte UI-Bausteine teilweise vorhanden, Scope-Bedienung und vollständige Tastatur-/Funktionsabnahme fehlen. Individueller Vertrag N/P: v2-Text fehlt; keine erfundene Funktionszuordnung zu dieser ID.";/home/runner/work/Reticora-CMDB/Reticora-CMDB/docs/audit/08-frontend-monitoring-nfr-tests.md:36
UI-02;[B];08;PARTIAL;Medium;L;"`/home/runner/work/Reticora-CMDB/Reticora-CMDB/frontend/src/App.tsx:82–90,300–356`; `/home/runner/work/Reticora-CMDB/Reticora-CMDB/frontend/src/components/cmdb/CIDetailSections.tsx:211–340`; gemeinsame UI-01–10-Inventur unten";"Gemeinsame ausdrücklich genannte UI-Bausteine teilweise vorhanden, Scope-Bedienung und vollständige Tastatur-/Funktionsabnahme fehlen. Individueller Vertrag N/P: v2-Text fehlt; keine erfundene Funktionszuordnung zu dieser ID.";/home/runner/work/Reticora-CMDB/Reticora-CMDB/docs/audit/08-frontend-monitoring-nfr-tests.md:37
UI-03;[B];08;PARTIAL;Medium;L;"`/home/runner/work/Reticora-CMDB/Reticora-CMDB/frontend/src/App.tsx:82–90,300–356`; `/home/runner/work/Reticora-CMDB/Reticora-CMDB/frontend/src/components/cmdb/CIDetailSections.tsx:211–340`; gemeinsame UI-01–10-Inventur unten";"Gemeinsame ausdrücklich genannte UI-Bausteine teilweise vorhanden, Scope-Bedienung und vollständige Tastatur-/Funktionsabnahme fehlen. Individueller Vertrag N/P: v2-Text fehlt; keine erfundene Funktionszuordnung zu dieser ID.";/home/runner/work/Reticora-CMDB/Reticora-CMDB/docs/audit/08-frontend-monitoring-nfr-tests.md:38
UI-04;[B];08;PARTIAL;Medium;L;"`/home/runner/work/Reticora-CMDB/Reticora-CMDB/frontend/src/App.tsx:82–90,300–356`; `/home/runner/work/Reticora-CMDB/Reticora-CMDB/frontend/src/components/cmdb/CIDetailSections.tsx:211–340`; gemeinsame UI-01–10-Inventur unten";"Gemeinsame ausdrücklich genannte UI-Bausteine teilweise vorhanden, Scope-Bedienung und vollständige Tastatur-/Funktionsabnahme fehlen. Individueller Vertrag N/P: v2-Text fehlt; keine erfundene Funktionszuordnung zu dieser ID.";/home/runner/work/Reticora-CMDB/Reticora-CMDB/docs/audit/08-frontend-monitoring-nfr-tests.md:39
UI-05;[B];08;PARTIAL;Medium;L;"`/home/runner/work/Reticora-CMDB/Reticora-CMDB/frontend/src/App.tsx:82–90,300–356`; `/home/runner/work/Reticora-CMDB/Reticora-CMDB/frontend/src/components/cmdb/CIDetailSections.tsx:211–340`; gemeinsame UI-01–10-Inventur unten";"Gemeinsame ausdrücklich genannte UI-Bausteine teilweise vorhanden, Scope-Bedienung und vollständige Tastatur-/Funktionsabnahme fehlen. Individueller Vertrag N/P: v2-Text fehlt; keine erfundene Funktionszuordnung zu dieser ID.";/home/runner/work/Reticora-CMDB/Reticora-CMDB/docs/audit/08-frontend-monitoring-nfr-tests.md:40
UI-06;[B];08;PARTIAL;High;L;"`/home/runner/work/Reticora-CMDB/Reticora-CMDB/frontend/src/pages/TopologyPage.tsx:102–127,169–207`; `/home/runner/work/Reticora-CMDB/Reticora-CMDB/frontend/src/api/client.ts:386–412`; `/home/runner/work/Reticora-CMDB/Reticora-CMDB/backend/internal/topology/topology.go:91–115,153–195`";Explizite Ergänzung nicht erfüllt: sofortiges Laden ohne Startdialog/Standort-/Typauswahl bei mehr als 2.000 Knoten, Simulation mit genau einer Ausfall-ID. Gemeinsame UI-Basis teilweise vorhanden, individueller v2-Rest N/P.;/home/runner/work/Reticora-CMDB/Reticora-CMDB/docs/audit/08-frontend-monitoring-nfr-tests.md:41
UI-07;[B];08;PARTIAL;Medium;L;"`/home/runner/work/Reticora-CMDB/Reticora-CMDB/frontend/src/App.tsx:82–90,300–356`; `/home/runner/work/Reticora-CMDB/Reticora-CMDB/frontend/src/components/cmdb/CIDetailSections.tsx:211–340`; gemeinsame UI-01–10-Inventur unten";"Gemeinsame ausdrücklich genannte UI-Bausteine teilweise vorhanden, Scope-Bedienung und vollständige Tastatur-/Funktionsabnahme fehlen. Individueller Vertrag N/P: v2-Text fehlt; keine erfundene Funktionszuordnung zu dieser ID.";/home/runner/work/Reticora-CMDB/Reticora-CMDB/docs/audit/08-frontend-monitoring-nfr-tests.md:42
UI-08;[B];08;PARTIAL;Medium;L;"`/home/runner/work/Reticora-CMDB/Reticora-CMDB/frontend/src/App.tsx:82–90,300–356`; `/home/runner/work/Reticora-CMDB/Reticora-CMDB/frontend/src/components/cmdb/CIDetailSections.tsx:211–340`; gemeinsame UI-01–10-Inventur unten";"Gemeinsame ausdrücklich genannte UI-Bausteine teilweise vorhanden, Scope-Bedienung und vollständige Tastatur-/Funktionsabnahme fehlen. Individueller Vertrag N/P: v2-Text fehlt; keine erfundene Funktionszuordnung zu dieser ID.";/home/runner/work/Reticora-CMDB/Reticora-CMDB/docs/audit/08-frontend-monitoring-nfr-tests.md:43
UI-09;[B];08;PARTIAL;Medium;L;"`/home/runner/work/Reticora-CMDB/Reticora-CMDB/frontend/src/App.tsx:82–90,300–356`; `/home/runner/work/Reticora-CMDB/Reticora-CMDB/frontend/src/components/cmdb/CIDetailSections.tsx:211–340`; gemeinsame UI-01–10-Inventur unten";"Gemeinsame ausdrücklich genannte UI-Bausteine teilweise vorhanden, Scope-Bedienung und vollständige Tastatur-/Funktionsabnahme fehlen. Individueller Vertrag N/P: v2-Text fehlt; keine erfundene Funktionszuordnung zu dieser ID.";/home/runner/work/Reticora-CMDB/Reticora-CMDB/docs/audit/08-frontend-monitoring-nfr-tests.md:44
UI-10;[B];08;PARTIAL;Medium;L;"`/home/runner/work/Reticora-CMDB/Reticora-CMDB/frontend/src/App.tsx:82–90,300–356`; `/home/runner/work/Reticora-CMDB/Reticora-CMDB/frontend/src/components/cmdb/CIDetailSections.tsx:211–340`; gemeinsame UI-01–10-Inventur unten";"Gemeinsame ausdrücklich genannte UI-Bausteine teilweise vorhanden, Scope-Bedienung und vollständige Tastatur-/Funktionsabnahme fehlen. Individueller Vertrag N/P: v2-Text fehlt; keine erfundene Funktionszuordnung zu dieser ID.";/home/runner/work/Reticora-CMDB/Reticora-CMDB/docs/audit/08-frontend-monitoring-nfr-tests.md:45
UI-11;[P2];08;PARTIAL;High;L;"`/home/runner/work/Reticora-CMDB/Reticora-CMDB/frontend/src/pages/CITypeAdminPage.tsx:48–87,267–337`; `/home/runner/work/Reticora-CMDB/Reticora-CMDB/frontend/src/pages/FormsPage.tsx:17–78`; `/home/runner/work/Reticora-CMDB/Reticora-CMDB/backend/internal/citype/handler.go:40–58`";Typ-/Feld-CRUD, Vorlageninstanziierung und Formularausfüllung vorhanden. Vererbung/Sets, Regel-Klick-Builder, Form Builder mit Preview/Draft/Publish, Import-Mapping und Indexstatus fehlen.;/home/runner/work/Reticora-CMDB/Reticora-CMDB/docs/audit/08-frontend-monitoring-nfr-tests.md:46
UI-12;[P2];08;PARTIAL;Medium;L;"`/home/runner/work/Reticora-CMDB/Reticora-CMDB/frontend/src/pages/CIFormModal.tsx:30–31,66–75,176–205`; `/home/runner/work/Reticora-CMDB/Reticora-CMDB/frontend/src/components/form/DynamicForm.tsx:31–43`; `/home/runner/work/Reticora-CMDB/Reticora-CMDB/frontend/src/App.tsx:139–182`";Conditional Fields vorhanden, Anlage bleibt Typ-Dropdown statt geführter Kachelauswahl. Metamodell-Navigation wird nicht nach normalen Nutzern gegenüber Administratoren ausgeblendet.;/home/runner/work/Reticora-CMDB/Reticora-CMDB/docs/audit/08-frontend-monitoring-nfr-tests.md:47
UI-13;[P4];08;PARTIAL;High;L;"`/home/runner/work/Reticora-CMDB/Reticora-CMDB/frontend/src/stores/dashboard.ts:3–48`; `/home/runner/work/Reticora-CMDB/Reticora-CMDB/frontend/src/pages/MapPage.tsx:63–118`; `/home/runner/work/Reticora-CMDB/Reticora-CMDB/frontend/src/pages/RoomPlanPage.tsx:28–75`; `/home/runner/work/Reticora-CMDB/Reticora-CMDB/frontend/src/pages/StocktakeListPage.tsx:42–62,123–130`";"Rollen-Widgetauswahl, einfache Standortkarte und Raumpositionen vorhanden. Mobile Scan/GPS/Signatur, Offline-Feldmerge/Konfliktliste sowie Heatmaps fehlen; daraus wird kein bereits geschehener Datenverlust abgeleitet.";/home/runner/work/Reticora-CMDB/Reticora-CMDB/docs/audit/08-frontend-monitoring-nfr-tests.md:48
UI-14;[P2–P4, A];08;PARTIAL;High;L;"`/home/runner/work/Reticora-CMDB/Reticora-CMDB/frontend/src/App.tsx:306–336`; `/home/runner/work/Reticora-CMDB/Reticora-CMDB/frontend/src/pages/IGAPage.tsx:157–199`; `/home/runner/work/Reticora-CMDB/Reticora-CMDB/backend/internal/iga/handler.go:53–60`";"Breite Moduloberflächen und Antragsfreigaben vorhanden, keine Vollständigkeit aller jeweiligen Phasenmodule. IGA listet Review-Kampagnen ohne Itementscheidungen; Antragsanlage/Self-Service-Portal fehlen.";/home/runner/work/Reticora-CMDB/Reticora-CMDB/docs/audit/08-frontend-monitoring-nfr-tests.md:49
UI-15;[P2];08;PARTIAL;High;L;"`/home/runner/work/Reticora-CMDB/Reticora-CMDB/frontend/src/pages/InventoryPage.tsx:74–83,159–189,293–328`; `/home/runner/work/Reticora-CMDB/Reticora-CMDB/frontend/src/pages/AssignmentListPage.tsx:137–146`; `/home/runner/work/Reticora-CMDB/Reticora-CMDB/frontend/src/api/cmdbHooks.ts:190–193,274–280`";Alltagsaktionen teilweise bedienbar, verlangen jedoch technische Objekt-/Location-/User-IDs. Reservierungsanlage und Objekthistorie bleiben ungenutzte Hooks, Inventur bietet keinen Scanablauf.;/home/runner/work/Reticora-CMDB/Reticora-CMDB/docs/audit/08-frontend-monitoring-nfr-tests.md:50
UI-16;[B];08;FAIL;High;L;"`/home/runner/work/Reticora-CMDB/Reticora-CMDB/frontend/src/App.tsx:300–336`; `/home/runner/work/Reticora-CMDB/Reticora-CMDB/frontend/src/api/cmdbHooks.ts:267–271`; `/home/runner/work/Reticora-CMDB/Reticora-CMDB/backend/internal/discovery/discovery.go:428–435`; `/home/runner/work/Reticora-CMDB/Reticora-CMDB/frontend/src/pages/ExportPage.tsx:77–125`";"Review-Inbox mit Diff/Einzel-/Bulk-Auflösung und Benachrichtigungscenter fehlen; Routen und ungenutzter Konflikthook ersetzen keine Oberfläche. Exportjoblisting vorhanden, kein übergreifendes Jobcenter.";/home/runner/work/Reticora-CMDB/Reticora-CMDB/docs/audit/08-frontend-monitoring-nfr-tests.md:51
UI-17;[B];08;PARTIAL;High;L;"`/home/runner/work/Reticora-CMDB/Reticora-CMDB/frontend/src/pages/auth/LoginPage.tsx:12–60`; `/home/runner/work/Reticora-CMDB/Reticora-CMDB/frontend/src/pages/DiscoveryPage.tsx:20–92`; `/home/runner/work/Reticora-CMDB/Reticora-CMDB/backend/internal/discovery/discovery.go:419–423`";Login und Enrollment-Code-Aufruf vorhanden, nicht aber Registrierung→Verifikation→Scope-Bestätigung→erste CIs als zusammenhängender Flow mit Fortschritt.;/home/runner/work/Reticora-CMDB/Reticora-CMDB/docs/audit/08-frontend-monitoring-nfr-tests.md:52
UI-18;[B];08;PARTIAL;High;L;"`/home/runner/work/Reticora-CMDB/Reticora-CMDB/frontend/playwright.config.ts:15–24`; `/home/runner/work/Reticora-CMDB/Reticora-CMDB/frontend/src/lib/fieldmeta.ts:72–84`; `/home/runner/work/Reticora-CMDB/Reticora-CMDB/frontend/src/components/form/DynamicForm.tsx:91–99`; `/home/runner/work/Reticora-CMDB/Reticora-CMDB/frontend/src/pages/RoomPlanPage.tsx:68–75,149–155`";Nur Desktop-Chromium/Firefox konfiguriert, WCAG-AA nicht belegt und Raumpositionierung nur per Drag-and-drop. Kataloge vollständig zueinander, aber Metamodellbeschriftungen einzelne Strings statt Sprachmaps.;/home/runner/work/Reticora-CMDB/Reticora-CMDB/docs/audit/08-frontend-monitoring-nfr-tests.md:53
NFR-01;"[B]; Teilumfang [P5]";08;ABWEICHEND;High;L;"`/home/runner/work/Reticora-CMDB/Reticora-CMDB/backend/internal/discovery/discovery.go:669–692`; `/home/runner/work/Reticora-CMDB/Reticora-CMDB/backend/internal/ci/pg_repository.go:91–164`; `/home/runner/work/Reticora-CMDB/Reticora-CMDB/docs/spec/katalog-v3/00-grundlagen.md:29`";Reconciliation lädt nur die ersten 10.000 Bestands-CIs ohne weitere Seiten, verarbeitet also den geforderten Headroom nicht vollständig. Das ist ein begrenzter Identitätssuchhorizont, kein behauptetes allgemeines Datenbankspeicherlimit.;/home/runner/work/Reticora-CMDB/Reticora-CMDB/docs/audit/08-frontend-monitoring-nfr-tests.md:54
