id;tag;status;severity;quelle;befund;wps;abschluss_wp;meilenstein;entscheidung;hinweis
ABN-01;[Q];PARTIAL;High;befunde.csv docs/audit/08-frontend-monitoring-nfr-tests.md:77;"34-/20-Schritt-Originale nicht wortgetreu prüfbar: v2-Text fehlt. Explizite Onboarding-/Konfliktszenarien [B] und Metamodell-End-to-End-Szenario [P2] nicht vollständig abgedeckt; keine eingefrorenen Abnahmedokumente.";WP-200(T) WP-212(S);WP-212;Gate G1;E-02;"Wortgetreue Originalabläufe nur nach E-01/E-02 prüfbar; Metamodell-End-to-End-Szenario [P2] nicht Phase 1."
ABN-02;[Q];PARTIAL;High;befunde.csv docs/audit/08-frontend-monitoring-nfr-tests.md:78;Funktionale Ansatzpunkte, aber keine NFR-02-Sanitymatrix, p95-/Query-Budgets, N+1-Assertions oder Index-/Planprüfnachweise. Daraus folgt nicht, dass alle Indizes fehlen.;WP-204(T) WP-206(S);WP-206;Lasttest (NFR-10);E-17 E-31;
ABN-03;"[Q]; jeweilige Phase";PARTIAL;High;befunde.csv docs/audit/08-frontend-monitoring-nfr-tests.md:79;Konkurrenzmatrix für Reservierung, Discovery während Edit, Transfer, Doppel-Ingest und parallelen Merge sowie vollständige Integritätsprüfungen fehlen. Go-race ersetzt keine Transaktions-/Constraintprüfung gegen Orphans, Duplikate, negative Bestände und Zyklen.;WP-207(S);WP-207;Lasttest (NFR-10);;
AGT-01;[P4];PARTIAL;High;befunde.csv docs/audit/09-module-phase2plus.md:59;"Agentprogramm und eingechecktes dynamisch gelinktes Linux-x86_64-ELF vorhanden. systemd-Installer betrifft Collector; Agent-systemd, launchd und vollständige plattformübergreifende Distribution nicht belegt.";WP-230(S);WP-230;M-S – High-Befunde späterer Phasen (nach E-03);E-03 E-36;"Abschluss-WP nach E-03 in die Folgephase verschoben; im G1-Release über WP-214 (m-gates) abgeschaltet."
AGT-02;[P4];ABWEICHEND;High;befunde.csv docs/audit/09-module-phase2plus.md:60;"Go-Prozessmetriken statt vollständigem Hardware-/Patch-/Dienst-/Prozessinventar. Software landet in ci.attributes.software_inventory statt installed_software; install_date/source fehlen, Remote-Actions nicht implementiert.";WP-230(S);WP-230;M-S – High-Befunde späterer Phasen (nach E-03);E-03 E-36;"Abschluss-WP nach E-03 in die Folgephase verschoben; im G1-Release über WP-214 (m-gates) abgeschaltet."
AGT-03;[P4];ABWEICHEND;Critical;befunde.csv docs/audit/09-module-phase2plus.md:61;"Relay verwendet Klartext-TCP, direkter Client hat HTTP-Fallback; Backend erwartet API-Key/Bearer, Agent liefert keine solche Authentifizierung. Payload ist zusätzlich inkompatibel, gespoolte Agentdaten werden an Discovery statt Agenttelemetrie wiederholt gesendet.";WP-051(S);WP-051;M0.1b Authentisierung und Autorisierung;E-03;
AGT-04;[P4];ABWEICHEND;High;befunde.csv docs/audit/09-module-phase2plus.md:62;"Keine signierten Zielpakete/Agentupdates nachgewiesen; generischer Updater nicht am Agent verdrahtet. Heartbeat loggt alle 30 s, Telemetrie default 60 s statt verlangtem 5-min-Heartbeat; 30-min-Offlinedetektor und Policyübernahme fehlen trotz Backend-Kill-Switch-/Policyverwaltung.";WP-230(S);WP-230;M-S – High-Befunde späterer Phasen (nach E-03);E-03 E-36;"Abschluss-WP nach E-03 in die Folgephase verschoben; im G1-Release über WP-214 (m-gates) abgeschaltet."
AGT-05;[P4];ABWEICHEND;Critical;befunde.csv docs/audit/09-module-phase2plus.md:63;"Agent-Rang70 statt85; Agent umgeht zentrale Reconciliation/Provenienz und verwendet ersten Hostname-/Name-Treffer statt bestehendem ag.CIID als Anker. Direkte Attributupdates sichern weder Identitätsbeweis noch manuelle Overrides.";WP-059(S) WP-220(T);WP-059;M0.1d Overrides, Reconciliation-Schutz, Datenverlust;E-03 E-32;
AGT-06;[P4];ABWEICHEND;Critical;befunde.csv docs/audit/09-module-phase2plus.md:64;"Registrierung ohne Client/Site-/Enrollment-Tokenbindung, generisches Enrollment nicht eingebunden. Org-only USING/WITH CHECK statt Bereichsbindung; Netzfingerprintvorschlag und manuelle Site-Bestätigung fehlen.";WP-038(S);WP-038;M0.1a Mandantentrennung (RLS/Scopes, WithTenant);E-03;
AI-01;[A];ABWEICHEND;Critical;befunde.csv docs/audit/09-module-phase2plus.md:73;"RAG mit Orgfilter und ressourcenweiten Rechten vorhanden, aber Chunks verlieren Quellobjekt-Scope und Feldrechte. Quellenliste/Promptanweisung garantieren keine zitierte Antwort; ohne Treffer wird weiterhin eine Providerantwort erzeugt.";WP-037(S);WP-037;M0.1a Mandantentrennung (RLS/Scopes, WithTenant);E-03;
AI-02;[A];ABWEICHEND;High;befunde.csv docs/audit/09-module-phase2plus.md:74;"Global konfigurierte Embeddings laufen bereits bei CI-Mutationen ohne Org-Opt-in und ohne AI-Entitlementprüfung; Air-Gap-Abschaltung fehlt. EU-/Self-Hosting ist konfigurierbar, tatsächlicher Verarbeitungsort/Nichttraining ohne Vertrags-/Deploymentbelege N/P; kein unzulässiges Training behauptet.";WP-075(T) WP-076(S);WP-076;M0.2b Tokens, API-Keys, Rollen, Operator, Entitlements;E-03 E-34;
API-01;[B];PARTIAL;Medium;befunde.csv docs/audit/07-api-suche-jobs-lebenszyklus.md:26;"Statischer Abgleich ergibt 400/400 Operationen ohne `/metrics`; keine fehlende Operation im PostgreSQL-Profil, zwei Auditoperationen fehlen im No-DB-Profil. Keine Sunset-Implementierung gefunden; additive Historie/12 Monate Vorlauf ohne Release-/Altvertrag N/P, kein bereits erfolgter Bruch behauptet.";WP-167(S);WP-167;Epic C – API, Kernfunktionen, UI;;
API-02;[B];ABWEICHEND;Medium;befunde.csv docs/audit/07-api-suche-jobs-lebenszyklus.md:27;"Default 50 korrekt, Maximum 100 statt 200; Cursor ist unsigniertes Base64-JSON, Whitelist nur mit `sort_by/sort_dir`, Pagination nicht durchgängig cursorbasiert. `filter[field]`-Operatoren, searchable-400-Hinweis, Listen-`fields` und Listen-`q` fehlen; alternatives JSONB-Query prüft searchable nicht.";WP-164(T) WP-165(T);WP-165;Epic C – API, Kernfunktionen, UI;;
API-03;[B];ABWEICHEND;Medium;befunde.csv docs/audit/07-api-suche-jobs-lebenszyklus.md:28;"Gemeinsamer Error-Writer liefert `application/json` ohne `trace_id`, auch für 401/403/404/409/500; alternativer 429-Problemwriter liest den falschen Request-ID-Ursprung. 412 samt Pflicht-If-Match fehlt; übrige v2-Fehlertabelle N/P („v2-Text fehlt“).";WP-061(T) WP-163(S);WP-163;Epic C – API, Kernfunktionen, UI;;
API-04;[B];ABWEICHEND;Critical;befunde.csv docs/audit/07-api-suche-jobs-lebenszyklus.md:29;"Pre-Auth-IP-Limit fehlt, Validierung steht vor Auth; 600/min pro Principal statt Session, kein 6.000/min-Org-Bucket oder X-RateLimit-Header. 24-h-Idempotenz ist nicht atomar und erlaubt orgweit geteiltes Replay vor Routenrechten; Lizenzablauf sperrt zudem andere Module als Discovery/Ingest (CH21).";WP-050(T) WP-072(T) WP-166(T);WP-166;Epic C – API, Kernfunktionen, UI;;
API-05;[B];PARTIAL;High;befunde.csv docs/audit/07-api-suche-jobs-lebenszyklus.md:30;"Elf Ressourcen ohne entsprechende öffentliche Funktion, zehn weitere nur als abweichender/teilweiser Pfad vorhanden (vollständige Listen unten, darunter Jobs ohne generischen Vertrag). CI-`include`, merge, restore und unmerge fehlen; vorhandene Unterressourcen ersetzen diese Aktionen nicht.";WP-067(T) WP-069(T) WP-070(T) WP-074(T) WP-088(T) WP-107(T) WP-111(T) WP-114(T) WP-116(T) WP-125(T) WP-139(T) WP-153(T) WP-168(T) WP-169(T);WP-169;Epic C – API, Kernfunktionen, UI;E-12 E-13 E-25 E-33;
API-06;[P2]/[P3]/[P4]/[A];ABWEICHEND;High;befunde.csv docs/audit/07-api-suche-jobs-lebenszyklus.md:31;"Viele Phasenmodule haben reale REST-/PG-Anbindung, Metamodell-REST bleibt unvollständig; fehlende Sets/Publish/Verträge/Importe sind OFFEN. IGA/KI haben Feature-Gates, werden aber aus Professional/Enterprise-Plänen impliziert statt ausschließlich als separate Add-ons freigeschaltet (CH14).";WP-075(T) WP-214(T);WP-214;M-S – High-Befunde späterer Phasen (nach E-03);E-03 E-34;Fehlende Sets/Publish/Verträge/Importe sind OFFEN in späteren Phasen.
API-07;[B];ABWEICHEND;Critical;befunde.csv docs/audit/07-api-suche-jobs-lebenszyklus.md:32;Feldweises PATCH existiert, aber keine CI-Version/ETag/If-Match-/Org-Pflicht-/409-Konkurrenz-/412-Semantik. Manual-Rang 20 statt 100 und fail-open Schutzabfrage erlauben automatische Überschreibung manueller Werte (CH9/PRI-10).;WP-058(T) WP-061(S);WP-061;M0.1d Overrides, Reconciliation-Schutz, Datenverlust;E-32;
API-08;[B];FAIL;High;befunde.csv docs/audit/07-api-suche-jobs-lebenszyklus.md:33;Keine serverseitige ID-Bulk-Aktions-API mit 500er Maximum, Job ab 100 und Ergebnis pro ID. UI-Fan-out und synchroner Discovery-Ingest, der erst nach Verarbeitung 202 meldet, sind kein Ersatz.;WP-181(S);WP-181;Epic C – API, Kernfunktionen, UI;E-25;
API-09;[B];FAIL;High;befunde.csv docs/audit/07-api-suche-jobs-lebenszyklus.md:34;Nur `/api/v1/export/jobs` und `/api/v1/discovery/jobs`, kein `/api/v1/jobs` für die sechs verlangten Operationen. Spätere Import-/Template-/Org-Funktionen werden nicht zusätzlich als fehlende Phase-1-Fachmodule gewertet.;WP-182(S);WP-182;Epic C – API, Kernfunktionen, UI;E-25;
AST-01;[P2];ABWEICHEND;Critical;befunde.csv docs/audit/09-module-phase2plus.md:29;"Kaufdaten, Serial, Inventartag und RFID vorhanden, aber Pflichtfelder/kanonische Standort-/Lifecycle-API/Version fehlen; EUR fest statt Orgdefault, Barcode nicht org-eindeutig. Asset-RLS und Transaktionskontext prüfen nur Org, nicht Client/Site/Team.";WP-017(T) WP-023(T) WP-222(T);WP-222;M-S – High-Befunde späterer Phasen (nach E-03);E-03 E-09;"Rest nach E-03 (M-S). Abschluss-WP nach E-03 in die Folgephase verschoben; im G1-Release über WP-214 (m-gates) abgeschaltet."
AST-02;[P2];ABWEICHEND;High;befunde.csv docs/audit/09-module-phase2plus.md:30;"Benutzerzuweisung/Rückgabe/Transfer/Fälligkeit und Signaturdaten vorhanden, keine Teamzuweisung. Transfer über getrennte Commits; Assignment bleibt schreibbare Autorität statt Projektion aus stock_movement.";WP-223(S);WP-223;M-S – High-Befunde späterer Phasen (nach E-03);E-03;"Abschluss-WP nach E-03 in die Folgephase verschoben; im G1-Release über WP-214 (m-gates) abgeschaltet."
AST-04;[P2];ABWEICHEND;High;befunde.csv docs/audit/09-module-phase2plus.md:32;"Mehrere Kind-CIs und Parentanzeige über Composition vorhanden, aber ci.asset_id/primary_ci_id und eindeutiger Parent fehlen. CI-Serial bleibt beschreibbar; automatische eindeutige Serialverknüpfung mit auditiertem serial_mismatch-Review nicht umgesetzt.";WP-077(T) WP-222(T);WP-222;M-S – High-Befunde späterer Phasen (nach E-03);E-03 E-36;"Rest nach E-03 (M-S). Abschluss-WP nach E-03 in die Folgephase verschoben; im G1-Release über WP-214 (m-gates) abgeschaltet."
AST-05;[P2];ABWEICHEND;Critical;befunde.csv docs/audit/09-module-phase2plus.md:33;"ci.parent_ci_id/child_mode fehlen; Flags ersetzen nicht den verlangten Kindvertrag, Zyklusschutz betrifft Assetkomposition. Zusätzlich löscht Migration 56 inkonsistente Composition-Zeilen vor FK-Härtung ohne Quarantäne; destruktiver Pfad belegt, tatsächliche Produktionsbetroffenheit N/P.";WP-052(T) WP-079(T) WP-222(T);WP-222;M-S – High-Befunde späterer Phasen (nach E-03);E-03 E-26;"Rest nach E-03 (M-S). Abschluss-WP nach E-03 in die Folgephase verschoben; im G1-Release über WP-214 (m-gates) abgeschaltet."
AST-06;[P2];ABWEICHEND;High;befunde.csv docs/audit/09-module-phase2plus.md:34;Reserve/Release und Unique-Index für aktive Assetreservierung bestehen, nicht aber gemeinsame gesperrte Zuweisungstransaktion. Expiry läuft ohne Org-Kontext gegen Org-RLS und ignoriert Fehler.;WP-022(T) WP-223(S);WP-223;M-S – High-Befunde späterer Phasen (nach E-03);E-03;"Abschluss-WP nach E-03 in die Folgephase verschoben; im G1-Release über WP-214 (m-gates) abgeschaltet."
AST-07;[P2];ABWEICHEND;High;befunde.csv docs/audit/09-module-phase2plus.md:35;"stock_movement, asset_movement und mutable Assignments existieren parallel; keine einzige kanonische Bewegungshistorie. Bewegungsfehler nach Zuweisungserfolg werden ignoriert.";WP-224(S);WP-224;M-S – High-Befunde späterer Phasen (nach E-03);E-03;"Abschluss-WP nach E-03 in die Folgephase verschoben; im G1-Release über WP-214 (m-gates) abgeschaltet."
AUD-03;[B];ABWEICHEND;High;befunde.csv docs/audit/06-audit-sicherheit-events.md:23;"change_type statt change_kind, exakter Sollenumvergleich N/P; last_seen_at wird entgegen REC-07 historisiert. Pro geändertem Feld eine ci_change statt genau einer pro Record; Discovery schreibt ohne Lifecycle-Eventdispatcher.";WP-090(T) WP-171(S);WP-171;Epic C – API, Kernfunktionen, UI;E-01;
AUD-04;[B];ABWEICHEND;High;befunde.csv docs/audit/06-audit-sicherheit-events.md:24;"Leere Textgenesis und einfacher JSON-Hash statt vorgeschriebener Binär-/Doppelhashformel. Synchroner Org-Advisory-Lock und UPDATE/DELETE-Schutz vorhanden, aber kein Audit-Outbox-Single-Runner mit Commitsequenz; CLI existiert.";WP-132(S);WP-132;Epic B – Fundament;E-01;
AUD-05;[B];PARTIAL;High;"befunde.csv docs/audit/06-audit-sicherheit-events.md:25 (gemeinsamer Originalprüfblock AUD-05 / AUD-07 / AUD-09; keine unabhängige Einzelprüfung)";"Audit-GET/Verify mit audit:read und changes vorhanden; Request-/Correlation-ID fehlen im Auditdatensatz. Keine automatischen selbst auditierten Audit-Retentionjobs; exakte Sollfristen mangels Zahlen N/P.";WP-133(S);WP-133;Epic B – Fundament;E-01;
AUD-07;[B];PARTIAL;High;"befunde.csv docs/audit/06-audit-sicherheit-events.md:25 (gemeinsamer Originalprüfblock AUD-05 / AUD-07 / AUD-09; keine unabhängige Einzelprüfung)";"Audit-GET/Verify mit audit:read und changes vorhanden; Request-/Correlation-ID fehlen im Auditdatensatz. Keine automatischen selbst auditierten Audit-Retentionjobs; exakte Sollfristen mangels Zahlen N/P.";WP-134(S);WP-134;Epic B – Fundament;E-01;
AUD-09;[B];PARTIAL;High;"befunde.csv docs/audit/06-audit-sicherheit-events.md:25 (gemeinsamer Originalprüfblock AUD-05 / AUD-07 / AUD-09; keine unabhängige Einzelprüfung)";"Audit-GET/Verify mit audit:read und changes vorhanden; Request-/Correlation-ID fehlen im Auditdatensatz. Keine automatischen selbst auditierten Audit-Retentionjobs; exakte Sollfristen mangels Zahlen N/P.";WP-133(S);WP-133;Epic B – Fundament;E-01;
AUT-01;[B];ABWEICHEND;Critical;befunde.csv docs/audit/02-mandanten-auth-entitlements.md:44;PKCE und Signatur-/Issuer-/Audience-Prüfung bestehen, aber Org kommt aus UUID-Gruppe, Benutzer-Upsert aus oidc_subject statt zugelassenem Org/E-Mail-Erstlogin. Upsert reaktiviert auch lokal gesperrte Benutzer ohne autorisierten Reaktivierungsprozess.;WP-042(T) WP-043(T);WP-043;M0.1b Authentisierung und Autorisierung;E-01 E-14;
AUT-02;[B];ABWEICHEND;Critical;befunde.csv docs/audit/02-mandanten-auth-entitlements.md:45;RS256 besteht, aber 60 statt 15 Minuten, abweichende Claims/fehlendes kid, kein Refresh-Cookie/Redis-Widerruf. Refresh übernimmt alte Rechte ohne Statusprüfung wiederholt, sodass Deaktivierung/Rechteentzug keine zuverlässige Wirkung entfalten.;WP-042(T) WP-066(S);WP-066;M0.2b Tokens, API-Keys, Rollen, Operator, Entitlements;E-01;
AUT-03;[B];ABWEICHEND;Medium;befunde.csv docs/audit/02-mandanten-auth-entitlements.md:46;"Kein eigener Dev-Login; AllowInsecureDevAuth ist zwar opt-in, aber nicht ausdrücklich außerhalb production begrenzt. Der typisierte nil-Verifier weist Tokens ab, daher kein nachgewiesener produktiver Auth-Bypass; übriger v2-Wortlaut fehlt.";WP-110(S);WP-110;Epic B – Fundament;E-01;
AUT-04;[B];ABWEICHEND;High;befunde.csv docs/audit/02-mandanten-auth-entitlements.md:47;"Nur rk_live_ mit zusätzlichem Trenner zwischen 12/40 Base62-Zeichen; SHA-256, Constant-Time und Ablauf/Widerruf bestehen. rk_test_, Owner-Rechteschnitt, vollständige einmalige Ausgabe/Verwaltung und überlappende Rotation fehlen; PG-Lookup erfolgt vor Tenant-Kontext.";WP-012(T) WP-067(S);WP-067;M0.2b Tokens, API-Keys, Rollen, Operator, Entitlements;E-01 E-13;
AUT-05;[B];N/P;–;befunde.csv docs/audit/02-mandanten-auth-entitlements.md:48;"Originalanforderung fehlt; keine Rekonstruktion aus Produktbeschreibungen.";;;;E-01 E-02;Kein WP: N/P, Klärung über Entscheidung.
AUT-06;[B];N/P;–;befunde.csv docs/audit/02-mandanten-auth-entitlements.md:49;"Originalanforderung fehlt; keine Rekonstruktion aus Produktbeschreibungen.";;;;E-01 E-02;Kein WP: N/P, Klärung über Entscheidung.
AUT-08;[P4];PARTIAL;High;befunde.csv docs/audit/02-mandanten-auth-entitlements.md:51;"Inbound und Outbound bestehen, Group-PATCH ist aber PUT-Alias, User-PATCH beschränkt und TaskRunner nicht produktiv aufgerufen. Deprovisionierung entzieht keine Sessions; dieser vorhandene Pfad wird nicht pauschal OFFEN gesetzt.";WP-233(S);WP-233;M-S – High-Befunde späterer Phasen (nach E-03);E-01 E-03;"Abschluss-WP nach E-03 in die Folgephase verschoben; im G1-Release über WP-214 (m-gates) abgeschaltet."
AUT-09;[B];ABWEICHEND;Critical;befunde.csv docs/audit/02-mandanten-auth-entitlements.md:52;Ein Realm/Org-Mapper bestehen, aber Org-Attribut wird nicht verwendet, Admin-Brokering und verpflichtende MFA/Passwort-/Lockout-Policy fehlen. Produktiver Import enthält ein bekanntes nichttemporäres Demo-Administratorkonto, dessen Passwort nicht durch den Installer individualisiert wird.;WP-043(T) WP-044(T);WP-044;M0.1b Authentisierung und Autorisierung;E-01 E-14;
AUT-10;[B];ABWEICHEND;High;befunde.csv docs/audit/02-mandanten-auth-entitlements.md:53;"Allgemeines Budget 600/min nach Auth statt eigenständigem Pre-Auth20/min; ungültige API-Keys erreichen den Limiter nicht. Signup-/Einladungsannahme fehlen, dedizierte Keycloak-Lockout-Anzeige ist nicht nachgewiesen.";WP-050(S);WP-050;M0.1b Authentisierung und Autorisierung;E-01;
BLK-01;[B];ABWEICHEND;High;befunde.csv docs/audit/07-api-suche-jobs-lebenszyklus.md:45;"Bulk-Status existiert nur als `Promise.all` einzelner PATCH-Aufrufe; keine serverseitige 500/100-Grenze und kein Fehlerreport pro ID. Bei Teilfehlern zeigt die Oberfläche lediglich einen Sammelfehler, bereits erfolgreiche Änderungen bleiben bestehen.";WP-181(S);WP-181;Epic C – API, Kernfunktionen, UI;E-25;
CI-01;[B], Teilfelder [P2]/[P3];ABWEICHEND;High;befunde.csv docs/audit/04-ci-netz-rack-beziehungen-impact.md:30;"Statuswerte/Default active stimmen; discovery_source fehlt import, mehrere geforderte Spalten/DTO-Felder fehlen. Create ignoriert sogar deklarierte Standort-/Hardware-/Netz-/OS-Felder und lässt IsManual=false; spätere Owner/Health-Felder separat phasenbewertet.";WP-120(S);WP-120;Epic B – Fundament;E-01;
CI-02;[B];ABWEICHEND;Medium;befunde.csv docs/audit/04-ci-netz-rack-beziehungen-impact.md:31;Org/Typ, Org/Status, partielle Serial/Hardware-UUID/IP und GIN-FTS simple vorhanden. Locationindex nur einspaltig, Org/Asset-/Org/Parent-CI-Indizes fehlen und attributes-GIN nutzt nicht jsonb_path_ops.;WP-121(S);WP-121;Epic B – Fundament;E-01;
CI-03;[B];ABWEICHEND;High;befunde.csv docs/audit/04-ci-netz-rack-beziehungen-impact.md:32;Metamodell-/Regelvalidierung ist produktiv verdrahtet, sieht aber nur attributes. Ein typisiertes hostname erfüllt deshalb nicht automatisch die gleichnamige Pflichtfelddefinition, zusätzlich verwirft Create dessen Requestwert.;WP-117(S);WP-117;Epic B – Fundament;E-01;
CI-04;[B];ABWEICHEND;Critical;befunde.csv docs/audit/04-ci-netz-rack-beziehungen-impact.md:33;"Flache JSONB-Konkatenation statt rekursivem Merge Patch/NULL-Löschen; keine automatischen Overrides. Discovery kann manuell korrigierte Namen/Attribute ohne Konfliktreview überschreiben; bestehende Historie bedeutet nicht, dass der effektive Bestand geschützt ist.";WP-057(S);WP-057;M0.1d Overrides, Reconciliation-Schutz, Datenverlust;E-01;
CI-05;[B];ABWEICHEND;High;befunde.csv docs/audit/04-ci-netz-rack-beziehungen-impact.md:34;"Delete setzt deleted_at, nicht decommissioned; Beziehungen bleiben, Traversal stoppt aber nicht am gelöschten Zwischenknoten. Restore/90-Tage-Retention/Harddeletejob samt IP-Bereinigung und Asset-Unlink/Relink fehlen.";WP-031(T) WP-169(T) WP-170(T);WP-170;Epic C – API, Kernfunktionen, UI;E-01;
CI-06;[B];PARTIAL;Medium;befunde.csv docs/audit/04-ci-netz-rack-beziehungen-impact.md:35;"Lesen, Name-/Statusfilter, separate FTS, Kontakte, changes und CI-Audit teilweise vorhanden. Standort-/Zeitangaben werden nicht vollständig übernommen/angezeigt; Unified-History liest entity_change, während normale CI-Mutationen ci_change schreiben.";WP-171(S);WP-171;Epic C – API, Kernfunktionen, UI;E-01;
CI-09;[B];PARTIAL;Medium;befunde.csv docs/audit/04-ci-netz-rack-beziehungen-impact.md:38;"Assetfreie CIs können generisch an Beziehungen/Suche/Topologie/Impact teilnehmen; vollständiger Historien-/Impactnachweis fehlt. Der P2-Service-Blast-Radius-Fehler wird separat IMP-08 zugeordnet, nicht zur erfundenen Baseline-Pflicht gemacht.";WP-178(S);WP-178;Epic C – API, Kernfunktionen, UI;E-01;
CI-10;[B];ABWEICHEND;Critical;befunde.csv docs/audit/04-ci-netz-rack-beziehungen-impact.md:39;"Separate ci_field_value-Tabelle statt verlangter Namespaces; Ränge/_instance und konsistente effektive CI-GET-Sicht fehlen. Manuelle Autooverrides fehlen (CI-04); zusätzlich erlaubt ci:write Override-Löschung ohne override:write.";WP-045(T) WP-058(T) WP-060(T) WP-091(S);WP-091;M0.2d Ingest und Reconciliation;E-01 E-23 E-32;
CI-11;[B];FAIL;High;befunde.csv docs/audit/04-ci-netz-rack-beziehungen-impact.md:40;Weder Discovery-Upgrade generic_device→spezifisch noch manueller anderer Typwechsel implementiert. type_changed und Zielpflichtfelder als Befunde statt Blockade fehlen als Ablauf.;WP-172(S);WP-172;Epic C – API, Kernfunktionen, UI;E-01;
CI-12;[B];FAIL;High;befunde.csv docs/audit/04-ci-netz-rack-beziehungen-impact.md:41;Kein CI-Merge/Unmerge einschließlich Referenzübernahme, Overridekonflikten, Tombstone, 301/12 Monate, Snapshot/30 Tage und Parallelitätsvertrag. Der gleichnamige Reviewvorgang aktualisiert nur einige Felder eines Kandidaten.;WP-173(T) WP-174(T);WP-174;Epic C – API, Kernfunktionen, UI;E-01;
CI-13;[B];ABWEICHEND;High;befunde.csv docs/audit/04-ci-netz-rack-beziehungen-impact.md:42;"Identitätsabgleich verwendet eine Liste ohne softgelöschte CIs, danach folgt bei fehlendem Match Neuanlage. resurrected_device fehlt; damit keine garantierte menschliche Entscheidung vor einem Duplikat.";WP-087(S);WP-087;M0.2d Ingest und Reconciliation;E-01;
COL-01;[B];ABWEICHEND;High;befunde.csv docs/audit/05-collector-discovery-reconciliation.md:34;"Statusmenge online/offline/degraded statt pending/active/offline/disabled/paused; Site, cert_fingerprint/not_after und Entitlement-pause fehlen. Tokenmodell separat vorhanden; Heartbeat setzt online.";WP-143(S);WP-143;Epic D – Collector und Discovery;E-01;
COL-02;[B];ABWEICHEND;Critical;befunde.csv docs/audit/05-collector-discovery-reconciliation.md:35;"Org-DEK/AES256-GCM/Master-Key-Wrapping bestehen, aber credential:read kann Klartext per /decrypt abrufen; verschlüsseltes NATS-Bundle fehlt. Aktiviertes Redfish sendet gemeinsame SSH-Zugangsdaten an gescannte Ziele ohne Zertifikatsprüfung.";WP-047(T) WP-048(T) WP-147(S);WP-147;Epic D – Collector und Discovery;E-01;
COL-04;[B];ABWEICHEND;High;befunde.csv docs/audit/05-collector-discovery-reconciliation.md:37;"Tokenhash/Ablauf bestehen, Default30min statt24h; paralleler Verbrauch kann mehrere Collectorregistrierungen erlauben. Kein CSR-Zertifikat, Bootstrap-ENV/CN-Bindung, 90d/60%-Erneuerung, Dual-Trust oder disabled→CRL/NATS-Sperre/Disconnect.";WP-144(T) WP-145(T);WP-145;Epic D – Collector und Discovery;E-01;
COL-05;[B];ABWEICHEND;Critical;befunde.csv docs/audit/05-collector-discovery-reconciliation.md:38;"Heartbeat60s und begrenzter Spool bestehen, aber kein Offline-Übergang nach5min; aktuelle Daten werden vor Rückstau gesendet. Unbestätigte Datensätze werden bei Alter/Limit entfernt, ohne fachliche Verlustmeldung; Quellzeit fehlt.";WP-062(T) WP-143(T);WP-143;Epic D – Collector und Discovery;E-01;
COL-06;[B], Air-Gapped [O];ABWEICHEND;High;befunde.csv docs/audit/05-collector-discovery-reconciliation.md:39;"Nicht angeschlossener Updater mit optionaler SHA-Prüfung/Backup statt signierter Auto-Updates, stable/beta und Fehlstart-Rollback. Docker/VM-Installationsanleitung vorhanden, keine OVA-/Windows-Paketierung; optionales Offline-Bundle offen.";WP-102(T) WP-148(S);WP-148;Epic D – Collector und Discovery;E-01 E-31;OVA-/Windows-Paketierung und Air-Gap-Bundle [O] nicht geplant.
COL-07;[A], Relay [P4];ABWEICHEND;High;befunde.csv docs/audit/05-collector-discovery-reconciliation.md:40;"Vorhandenes Agent-Relay spult Agentdaten als Discoverydaten und spielt sie an den falschen Endpunkt zurück. IGA-Relay erzeugt Jobs; separater Writer-Host mit eigenem Enrollment/Credentials/Least-Privilege-Identität nicht gefunden, späterer Teil offen.";WP-219(S);WP-219;M-S – High-Befunde späterer Phasen (nach E-03);E-01 E-02 E-03;"Abschluss-WP nach E-03 in die Folgephase verschoben; im G1-Release über WP-214 (m-gates) abgeschaltet."
COL-08;[B];ABWEICHEND;High;befunde.csv docs/audit/05-collector-discovery-reconciliation.md:41;"HTTPS443 vorhanden; Compose-NATS ohne TLS/Clientzertifikate nur Cloud-Loopback4222 statt erreichbarem NATS-mTLS-Endpunkt. Outbound-Prinzip beschrieben, konkrete Kunden-Firewall-/Hostname-/TLS-Matrix fehlt.";WP-146(S);WP-146;Epic D – Collector und Discovery;E-01 E-05;
DB-01;nicht geliefert;N/P;–;Teil 03 (nicht konsolidiert) docs/audit/03-datenmodell-standorte-metamodell.md:32;"Kein Anforderungstext im übermittelten Fachkatalog; keine Konventionen aus dem Ist-Code als Soll rekonstruiert. Quellenlücke siehe oben.";;;;E-01 E-04;Kein WP: N/P, Klärung über Entscheidung.
DB-02;nicht geliefert;ABWEICHEND;High;Teil 03 (nicht konsolidiert) docs/audit/03-datenmodell-standorte-metamodell.md:33;"57 nichtleere Up-/Down-Paare, lückenlos 000001–000057. CI definiert Up/Down-all/Up in `/home/runner/work/Reticora-CMDB/Reticora-CMDB/.github/workflows/ci.yml:76–89`. `/home/runner/work/Reticora-CMDB/Reticora-CMDB/docs/schema-baseline.md` fehlt. Down ist nicht vollständig: `/home/runner/work/Reticora-CMDB/Reticora-CMDB/backend/migrations/000021_spec_alignment.down.sql:9–24` nimmt die NULL-Zulassung für globale Typen und Site-Unique nicht zurück; `/home/runner/work/Reticora-CMDB/Reticora-CMDB/backend/migrations/000055_cmdb_extensions.down.sql:45–49,79–89` restauriert falsches Beziehungsvokabular und lässt den Asset-CI-Unique-Index bestehen.";WP-006(S);WP-006;M0.0 Werkzeugkette und Prüfrahmen;;
DB-03;nicht geliefert;ABWEICHEND;High;Teil 03 (nicht konsolidiert) docs/audit/03-datenmodell-standorte-metamodell.md:34;"Keine `attribute_definition`; stattdessen typgebundene `ci_type_attribute` und separate Instanzdefinitionen in `/home/runner/work/Reticora-CMDB/Reticora-CMDB/backend/migrations/000055_cmdb_extensions.up.sql:40–91`. `attribute_schema` existiert nur als nullable JSONB-Spalte (`/home/runner/work/Reticora-CMDB/Reticora-CMDB/backend/migrations/000021_spec_alignment.up.sql:78`); keine Generierung/Materialisierung. `/home/runner/work/Reticora-CMDB/Reticora-CMDB/backend/internal/citype/pg_repository.go:16–39,137–172` liest/schreibt sie nicht. Kein direkter API-Schreibpfad gefunden, aber fehlende Nutzung ist keine read-only-Generierung. CI-Attribute liegen in JSONB; zusätzlich speichert `ci_field_value` feldweise Beobachtungs-/Override-Werte (EAV-ähnlich, `/home/runner/work/Reticora-CMDB/Reticora-CMDB/backend/migrations/000055_cmdb_extensions.up.sql:486–501`). Daher keine pauschale „kein EAV“-Zusicherung.";WP-116(S);WP-116;Epic B – Fundament;;
DB-04;nicht geliefert;ABWEICHEND;High;Teil 03 (nicht konsolidiert) docs/audit/03-datenmodell-standorte-metamodell.md:35;"Kein Attribut-DDL-Job, `CREATE INDEX CONCURRENTLY` oder `idx_attr_` in Backend/API gefunden. `/home/runner/work/Reticora-CMDB/Reticora-CMDB/backend/migrations/000056_rls_enforcement.up.sql:25–46` vergibt NOSUPERUSER/NOBYPASSRLS, USAGE und DML, aber weder Schema-CREATE noch Tabellen-Ownership für Index-DDL. `/home/runner/work/Reticora-CMDB/Reticora-CMDB/backend/internal/database/pool.go:52–77,112–130` schaltet zur App-Rolle und verweigert effektiv privilegierten Betrieb; dieser Teil entspricht CH19. Keine Annahme über extern zusätzlich vergebene Rechte.";WP-064(T) WP-142(S);WP-142;Epic B – Fundament;E-04;
DB-05;"nicht geliefert; CH12/PRI-10";ABWEICHEND;High;Teil 03 (nicht konsolidiert) docs/audit/03-datenmodell-standorte-metamodell.md:36;"Kanonische Speicherorte mehrfach nicht umgesetzt: CI-Read/Update bleibt unabhängig vom Asset (`/home/runner/work/Reticora-CMDB/Reticora-CMDB/backend/internal/ci/service.go:131–167`), Seriennummer schreibbar (`/home/runner/work/Reticora-CMDB/Reticora-CMDB/backend/internal/ci/model.go:71`). Asset hat API-Freitext `location`, nicht `location_id` (`/home/runner/work/Reticora-CMDB/Reticora-CMDB/backend/internal/asset/model.go:25,68`); Mount schreibt nur `rack_mount` (`/home/runner/work/Reticora-CMDB/Reticora-CMDB/backend/internal/rack/pg_repository.go:231–257`). Location-FKs zeigen auf paralleles `location_node`, nicht den gemeinsamen Baum. Weitere Details je Tabellenzeile unten.";WP-054(T) WP-077(T) WP-078(T) WP-079(T) WP-080(T) WP-081(T);WP-081;M0.2c Kanonisches Datenmodell (DB-05), VLAN/VRF;E-24 E-36;Zeilen Vertrag/installierte Software nach E-36.
DIS-01;[B];ABWEICHEND;High;befunde.csv docs/audit/05-collector-discovery-reconciliation.md:42;"Sweep verwendet TCP mit Default 64, ohne harte Obergrenze 256, nicht ICMP/ARP; Ports 623/5985/8006 fehlen im Default, zusätzliche 3389/8080/8443. Reverse-DNS und separates UDP161-Probing vorhanden.";WP-149(S);WP-149;Epic D – Collector und Discovery;E-01;
DIS-02;[B], Profilliste (V);ABWEICHEND;High;befunde.csv docs/audit/05-collector-discovery-reconciliation.md:43;"21 JSON-Profile statt YAML; kein zentraler SNMP→Redfish→Banner-Ablauf und kein System-Template-Mapping. Unknown-Type-Review existiert, aber nicht zugleich garantierter generic_device-Fallback; konkrete Vorschlagsprofile separat abgeglichen.";WP-151(S);WP-151;Epic D – Collector und Discovery;E-01 E-21;
DIS-03;[B];ABWEICHEND;High;befunde.csv docs/audit/05-collector-discovery-reconciliation.md:44;Interface ist Name/Discover/Collect mit Result statt Name/Probe/Collect mit DeviceRecord. Hauptschleife ruft nur Discover, nicht die reichhaltigen Collect-Pfade auf.;WP-150(S);WP-150;Epic D – Collector und Discovery;E-01;
DIS-04;[B];ABWEICHEND;High;befunde.csv docs/audit/05-collector-discovery-reconciliation.md:45;"Acht Protokollplugins bestehen, SNMP ist tatsächlich v2c und SSH nur Banner/Command-Metadaten ohne Befehlsausführung. Redfish/WMI/NAS/IPMI/Strom haben Teilimplementierungen; weiterer „wie v2“-Umfang mangels Wortlaut N/P, nicht als vollständig bestanden angenommen.";WP-150(T) WP-152(S);WP-152;Epic D – Collector und Discovery;E-01 E-02;
DIS-05;[B];ABWEICHEND;High;befunde.csv docs/audit/05-collector-discovery-reconciliation.md:46;DeviceRecord mit record_id/observed_at/VRF/Scope/Client/Site und strukturierten identity/classification/system/neighbors/power fehlt. Collector sendet ein Result-Array, Server erwartet collector_id/items mit anderem Feldvertrag.;WP-083(S);WP-083;M0.2d Ingest und Reconciliation;E-01;
DIS-08;[Q];PARTIAL;Medium;befunde.csv docs/audit/05-collector-discovery-reconciliation.md:49;"Strukturierte Fehlerlogs und generische UI-APIfehler/Collectorstatus vorhanden; kein vollständiges Discovery-Fehlerzustandsmodell samt spezifischen Metriken und Job-/Scopefehlerdarstellung. Ein ausgefallenes Ziel wird vielfach nur übersprungen.";WP-155(S);WP-155;Epic D – Collector und Discovery;E-01;
DIS-09;[B];FAIL;High;befunde.csv docs/audit/05-collector-discovery-reconciliation.md:50;discovery_scope-Modell mit Client/Site/VRF/Zeitplan/Credentials/Plugins/Laufergebnis und CRUD fehlt. Vorhandene Jobs und lokale ScanSubnet-Konfiguration ersetzen weder Scopes noch scope_suggested nach Enrollment.;WP-153(S);WP-153;Epic D – Collector und Discovery;E-01;
DIS-10;[B];ABWEICHEND;High;befunde.csv docs/audit/05-collector-discovery-reconciliation.md:51;"Ein Discovery-Ticker mit Default 15 min für alle Protokolle statt Sweep 24 h und getrennter Polls; Heartbeat 60 s stimmt. Metrikpolling default aus, keine Scope-/Orgsteuerung und keine Mindestintervallprüfung.";WP-154(S);WP-154;Epic D – Collector und Discovery;E-01;
DOD-01;[Q];PARTIAL;High;befunde.csv docs/audit/08-frontend-monitoring-nfr-tests.md:70;DoD dokumentiert, vollständige Durchsetzung einschließlich Traceability fehlt. Tatsächliche Vollständigkeit im selben PR, ein Paket pro PR und Paketdauer bleiben ohne Prozessnachweise N/P.;WP-005(T) WP-213(S);WP-213;Gate G1;E-06 E-15 E-27 E-30;
ENT-01;[B];ABWEICHEND;High;befunde.csv docs/audit/02-mandanten-auth-entitlements.md:62;"Org+Feature ist eindeutig und enabled vorhanden, aber skalares limit_value/expires_at statt limits JSONB/valid_until; source samt erlaubten Werten fehlt. Die geforderte differenzierte Kontingent-/Herkunftsdarstellung ist damit nicht umgesetzt.";WP-071(S);WP-071;M0.2b Tokens, API-Keys, Rollen, Operator, Entitlements;E-01;
ENT-02;[B];ABWEICHEND;High;befunde.csv docs/audit/02-mandanten-auth-entitlements.md:63;"cmdb/export statt cmdb_core/export_csv; topology/rack_view/api_access/notifications_email und benannte max_*-Kontingente fehlen, Core ist deaktivier-/ablauffähig. DATEV-Code besteht bereits ohne export_datev-Gate und wird daher normal geprüft.";WP-071(S);WP-071;M0.2b Tokens, API-Keys, Rollen, Operator, Entitlements;E-01;
ENT-03;[B];ABWEICHEND;High;befunde.csv docs/audit/02-mandanten-auth-entitlements.md:64;"Ingest-Alias umgeht Gate und neue Discovery-CIs umgehen LimitGuard; unlicensed_ci/Snapshot-/Resolveprozess fehlt. Limitfehler nutzt generischen 403-Typ, Cache lokale Map/30 s statt Redis/60 s mit übergreifender Invalidierung.";WP-072(T) WP-073(S);WP-073;M0.2b Tokens, API-Keys, Rollen, Operator, Entitlements;E-01 E-22;
ENT-04;[B];ABWEICHEND;High;befunde.csv docs/audit/02-mandanten-auth-entitlements.md:65;GET ist vorhanden, Schreiben erfolgt jedoch über POST /api/v1/entitlements mit tenantseitigem entitlement:manage statt gesonderter Operator-Identität. org_admin kann eigene Freigaben/Limits/Ablaufdaten verändern.;WP-074(S);WP-074;M0.2b Tokens, API-Keys, Rollen, Operator, Entitlements;E-01 E-12;
ENT-05;[B];ABWEICHEND;High;befunde.csv docs/audit/02-mandanten-auth-entitlements.md:66;"REST-Gates verfehlen Export-/Ingestpfade, GraphQL hat keinen Entitlementdienst und fehlende Featurezeilen fallen auf globalen DefaultPlan zurück. UI-Navigation spiegelt Teilfreigaben, nicht Limits/Ablauf; kein kostenpflichtiger GraphQL-Schreibbypass behauptet.";WP-072(S);WP-072;M0.2b Tokens, API-Keys, Rollen, Operator, Entitlements;E-01;
ENT-06;(V), [B–P4], [A];ABWEICHEND;High;befunde.csv docs/audit/02-mandanten-auth-entitlements.md:67;Vorgeschlagene Matrix/Limits sind nicht umgesetzt: nur Hinweis, kein Gate aufgrund der Vorschlagswerte. Unabhängig davon enthält Pro/Enterprise AI und Enterprise IGA implizit, im Widerspruch zur verbindlichen CH14-Add-on-Trennung.;WP-075(S);WP-075;M0.2b Tokens, API-Keys, Rollen, Operator, Entitlements;E-01 E-34;
ENT-07;[B];ABWEICHEND;High;befunde.csv docs/audit/02-mandanten-auth-entitlements.md:68;"Ablauf sperrt generisch auch andere Featurezugriffe inklusive Lesen, während Ingest-Alias ungeprüft bleibt und Collector weiter scannt/Fehler spoolt. Paused-Zustand, spezifische Messung und Banner/14-7-1-Benachrichtigung fehlen; Trialwerte bleiben unverbindlicher Vorschlag.";WP-072(S);WP-072;M0.2b Tokens, API-Keys, Rollen, Operator, Entitlements;E-01;
ENT-08;[B];ABWEICHEND;High;befunde.csv docs/audit/02-mandanten-auth-entitlements.md:69;Grant löscht keine CIs und REST unterscheidet Create/Update, aber Ingest-Neuanlagen umgehen Grenzen statt unlicensed_ci zu erzeugen. Ein vollständiger Downgradeprozess mit kanalübergreifender Bestandserhaltung/-nutzbarkeit ist nicht belegt.;WP-073(S);WP-073;M0.2b Tokens, API-Keys, Rollen, Operator, Entitlements;E-01 E-22;
EVT-01;[B];PARTIAL;High;"befunde.csv docs/audit/06-audit-sicherheit-events.md:33 (gemeinsamer Originalprüfblock EVT-01 / EVT-02; keine unabhängige Einzelprüfung)";"RETICORA_EVENTS und events.<org_id>.<event_type>-Helfer existieren als Baustein; keine produktive Streamanlage/Publisherverdrahtung. Server verdrahtet stattdessen Webhookdispatcher; Rest-Subjectvertrag über „events.“ hinaus nicht unterstellt.";WP-136(S);WP-136;Epic B – Fundament;E-01;
EVT-02;[B];PARTIAL;High;"befunde.csv docs/audit/06-audit-sicherheit-events.md:33 (gemeinsamer Originalprüfblock EVT-01 / EVT-02; keine unabhängige Einzelprüfung)";"RETICORA_EVENTS und events.<org_id>.<event_type>-Helfer existieren als Baustein; keine produktive Streamanlage/Publisherverdrahtung. Server verdrahtet stattdessen Webhookdispatcher; Rest-Subjectvertrag über „events.“ hinaus nicht unterstellt.";WP-136(S);WP-136;Epic B – Fundament;E-01;
EXP-01;"[B]; DATEV [P2]";ABWEICHEND;Critical;befunde.csv docs/audit/07-api-suche-jobs-lebenszyklus.md:47;"202-Job und 15-Minuten-S3-Presign vorhanden, aber unter `/export/jobs`; der Worker verliert den Nutzerscope und Job-GET/-Liste sind nur orggebunden. CSV ohne BOM/mit Komma, kein Feldmanifest; DATEV liest CI-Werte statt kanonischer Asset-Anlagenbuchhaltungsdaten.";WP-035(T) WP-189(T);WP-189;Epic C – API, Kernfunktionen, UI;;DATEV [P2] nicht Phase 1.
GATE-01;[Q];N/P;–;befunde.csv docs/audit/08-frontend-monitoring-nfr-tests.md:72;Regel dokumentiert, tatsächliche Gatefreigabe/Befundbereinigung im Prozess nicht prüfbar. Unabhängig davon erlauben die hier belegten Critical-Befunde keine positive G1-Empfehlung.;WP-213(S);WP-213;Gate G1;E-15 E-27 E-30;
GATE-02;[Q];FAIL;High;befunde.csv docs/audit/08-frontend-monitoring-nfr-tests.md:73;"G1-Voraussetzung alle Phase-1-/Q-Anforderungen PASS im vorliegenden Korpus nicht erfüllt; keine Aussage über eine historische Freigabe. SOLL/WARN ist im gegebenen Statusschema nicht definiert.";WP-213(S);WP-213;Gate G1;E-15 E-27 E-30;
GATE-03;[Q];PARTIAL;High;befunde.csv docs/audit/08-frontend-monitoring-nfr-tests.md:74;Smoke läuft nur auf ubuntu-latest mit pfadgefiltertem Trigger, ohne zweite Plattformmatrix. Weder vollständiges TEN-09/NFR-10 noch Pentest ohne offene High/Critical belegt.;WP-092(T) WP-209(T) WP-210(T) WP-211(T);WP-211;Gate G1;E-27 E-28 E-31;Behebungen aus dem Pentest werden als neue WPs geplant.
GATE-04;"[Q]; Bezug GA";N/P;–;befunde.csv docs/audit/08-frontend-monitoring-nfr-tests.md:75;"Add-on-Gate nicht beurteilbar; Unit-/Mocktests ersetzen die Reviews nicht. Kein zusätzlicher G1-Blocker allein wegen GA.";;;;E-03;Kein WP: N/P, Klärung über Entscheidung.
GATE-05;[Q];N/P;–;befunde.csv docs/audit/08-frontend-monitoring-nfr-tests.md:76;"Optionale Punkte werden in diesem Audit nicht als Gateblocker verwendet; das ist keine getestete Repository-Prozessgarantie. Historische Gatebeeinflussung durch [O] mangels Entscheidungsartefakten N/P.";WP-213(S);WP-213;Gate G1;E-15 E-27 E-30;
GLO-10;[B];ABWEICHEND;Medium;befunde.csv docs/audit/08-frontend-monitoring-nfr-tests.md:30;"Persistierte Dashboard-Enumwerte technik/einkauf sind nicht englisch; Collector-/Inventurstatus werden als technische Schlüssel und Auswahlbeschriftungen teils als deutsche Literale angezeigt. Katalogparität allein erfüllt Anzeige ausschließlich über i18n nicht.";WP-194(S);WP-194;Epic C – API, Kernfunktionen, UI;;
GLO-11;[Q];FAIL;High;befunde.csv docs/audit/08-frontend-monitoring-nfr-tests.md:31;"README behauptet ID→Epic/Test-Rückverfolgbarkeit, aber Datei und CI-Prüfung fehlen. 0/261 bekannte verpflichtend getaggte IDs haben einen Eintrag; unbekannte IDs aus Teil 03 sind nicht im Nenner.";WP-005(S) WP-213(S);WP-213;Gate G1;E-06 E-15 E-27 E-30;
GLO-12;[B];ABWEICHEND;High;befunde.csv docs/audit/05-collector-discovery-reconciliation.md:33;"Ingest/Provenienz nutzen Serverzeit statt observed_at; das Eingabefeld fehlt bereits. Keine Ablehnung/Zählung von Records >5min Zukunft, keine Quellzeitordnung.";WP-083(T) WP-084(S);WP-084;M0.2d Ingest und Reconciliation;;
GLO-13;[B];FAIL;High;befunde.csv docs/audit/04-ci-netz-rack-beziehungen-impact.md:29;"Keine generelle Ablehnung der vier reservierten Schlüssel bei Create/PATCH oder Ingest; unbekannte Attribute passieren. Dedizierter CI-Import nicht gefunden, dessen Schutz damit ebenfalls nicht nachgewiesen.";WP-091(S);WP-091;M0.2d Ingest und Reconciliation;E-23;
GQL-01;[B];ABWEICHEND;High;befunde.csv docs/audit/07-api-suche-jobs-lebenszyklus.md:35;"Eigenparser unter öffentlich dokumentiertem `/api/v1/graphql` statt gqlgen unter `/bff/graphql`; API-Keys werden nicht ausgeschlossen. GraphQL-spezifische Tiefen-/Komplexitätslimits fehlen; numerischer SEC-10-Sollumfang mangels Originaltext nicht abschließend prüfbar.";WP-184(S);WP-184;Epic C – API, Kernfunktionen, UI;E-16;
GQL-02;[B];PARTIAL;High;befunde.csv docs/audit/07-api-suche-jobs-lebenszyklus.md:36;"Nur `ci`, `cis`, `relationships`, `currentUser`; `topology`, `rackLayout`, `searchEverything`, `reviewInbox`, `jobs` und Dataloader fehlen. Keine schreibenden Resolver, aber der Parser akzeptiert den Präfix `mutation` und ignoriert die Feldselektion; ein Schreibzugriff durch Mutation wird nicht behauptet.";WP-185(S);WP-185;Epic C – API, Kernfunktionen, UI;;
GQL-04;[B];ABWEICHEND;Critical;befunde.csv docs/audit/07-api-suche-jobs-lebenszyklus.md:38;"POST ist pauschal mit `ci:write` geschützt, `relationships` verlangt danach kein `relationship:read`; vollständige Objekte gelangen ohne Feldprojektion/-rechte zur Antwort. CI-Org-/Client-RLS ist vorhanden, Site-/Team-Scope und Resolver-Entitlementprüfung fehlen; kein zusätzlicher Add-on-Bypass behauptet.";WP-036(S);WP-036;M0.1a Mandantentrennung (RLS/Scopes, WithTenant);;
IGA-01;[A];ABWEICHEND;High;befunde.csv docs/audit/09-module-phase2plus.md:69;"Gemeinsame Kriterien IGA-01–04: Remediation erzeugt sofort Tasks ohne zweiten Freigeber; IGA wird aus Enterprise impliziert und RunDue ist nicht produktiv aufgerufen. Keine erfundene Aufteilung der vier v2-Detailverträge; deren Rest N/P („v2-Text fehlt“).";WP-075(T) WP-232(S);WP-232;M-S – High-Befunde späterer Phasen (nach E-03);E-02 E-03 E-34;"Abschluss-WP nach E-03 in die Folgephase verschoben; im G1-Release über WP-214 (m-gates) abgeschaltet."
IGA-02;[A];ABWEICHEND;High;befunde.csv docs/audit/09-module-phase2plus.md:70;"Gleiche gemeinsame Kriterien und High-Befunde wie IGA-01; Connectorframework vorhanden, vollständige produktive Relay-/Writerkette nicht belegt. v2-Detailumfang N/P; Befund/Aufwand nicht vierfach als unabhängige Ursache zählen.";WP-075(T) WP-232(S);WP-232;M-S – High-Befunde späterer Phasen (nach E-03);E-02 E-03 E-34;"Abschluss-WP nach E-03 in die Folgephase verschoben; im G1-Release über WP-214 (m-gates) abgeschaltet."
IGA-03;[A];ABWEICHEND;High;befunde.csv docs/audit/09-module-phase2plus.md:71;"Gemeinsamer Gruppenbefund, keine Behauptung, IGA-03 bezeichne im fehlenden v2 ausschließlich JML. Vorhandene JML-/Taskbausteine heilen fehlende Freigabe und separate Add-on-Zuordnung nicht; Rest N/P.";WP-075(T) WP-232(S);WP-232;M-S – High-Befunde späterer Phasen (nach E-03);E-02 E-03 E-34;"Abschluss-WP nach E-03 in die Folgephase verschoben; im G1-Release über WP-214 (m-gates) abgeschaltet."
IGA-04;[A];ABWEICHEND;High;befunde.csv docs/audit/09-module-phase2plus.md:72;"Gemeinsamer Gruppenbefund: gespeicherter Entscheider ist noch kein erzwungenes Vier-Augen-Prinzip. Keine selbst erfundene v2-ID-Zuordnung; restliche Kriterien N/P.";WP-075(T) WP-232(S);WP-232;M-S – High-Befunde späterer Phasen (nach E-03);E-02 E-03 E-34;"Abschluss-WP nach E-03 in die Folgephase verschoben; im G1-Release über WP-214 (m-gates) abgeschaltet."
IMP-01;[B];ABWEICHEND;High;befunde.csv docs/audit/04-ci-netz-rack-beziehungen-impact.md:70;"Impact folgt Source→Target statt impact_direction; bei device powered_by pdu würde damit der Geräteausfall zur Versorgung statt der Versorgungsausfall zum Gerät propagieren. Vorhandene Tests bestätigen die falsche Semantik.";WP-176(S);WP-176;Epic C – API, Kernfunktionen, UI;E-01 E-18;
IMP-02;[B];ABWEICHEND;High;befunde.csv docs/audit/04-ci-netz-rack-beziehungen-impact.md:71;CTE und Kantendeduplizierung existieren, jedoch maximal 10 statt 20 Hops. Ergebnispfade mit Typfolge, Kürzestpfadwahl, Kategorien und projizierte physical-Kanten fehlen.;WP-177(S);WP-177;Epic C – API, Kernfunktionen, UI;E-01;
IMP-03;[B];ABWEICHEND;High;befunde.csv docs/audit/04-ci-netz-rack-beziehungen-impact.md:72;connected_to propagiert gerichtet wie eine gesicherte Abhängigkeit, nicht bidirektional und nur als network-Heuristik zweiter Klasse. Antwort enthält kein Heuristikkennzeichen.;WP-176(S);WP-176;Epic C – API, Kernfunktionen, UI;E-01 E-18;
IMP-04;[B];FAIL;High;befunde.csv docs/audit/04-ci-netz-rack-beziehungen-impact.md:73;"Kein Go-Redundanzpostfilter; ein erreichbarer Pfad genügt unabhängig von alternativen Quellen. Vorhandenes findSPOFs ist keine korrekte Ausfallmengen-/Redundanzberechnung.";WP-179(S);WP-179;Epic C – API, Kernfunktionen, UI;E-01;
IMP-05;[B];ABWEICHEND;High;befunde.csv docs/audit/04-ci-netz-rack-beziehungen-impact.md:74;"Einzelausfall unter /topology/cis/{id}/impact vorhanden; /impact?ci_ids=… und /impact/{ci_id} fehlen. Keine gemeinsame Mehrfachausfallanalyse, Kategorien oder betroffenen Pfade.";WP-180(S);WP-180;Epic C – API, Kernfunktionen, UI;E-01;
IMP-06;[B];ABWEICHEND;High;befunde.csv docs/audit/04-ci-netz-rack-beziehungen-impact.md:75;"Ohne Root werden bis 10.000 CIs geladen und die Gesamtzahl ignoriert, statt über 2.000 mit 422 abzubrechen. Kategorien fehlen; UI-Typfilter verwendet Schlüssel statt der erwarteten CI-Typ-ID.";WP-180(S);WP-180;Epic C – API, Kernfunktionen, UI;E-01;
IMP-07;[B];ABWEICHEND;Critical;befunde.csv docs/audit/04-ci-netz-rack-beziehungen-impact.md:76;"Up/down, Zyklenbegrenzung und nachträgliches Entfernen unsichtbarer Knoten vorhanden, aber CTE traversiert vor deren Prüfung; fehlende autoritative Session-Scopes wirken bis zur Topologie fort. maxNodes unterscheidet sich außerdem zwischen PostgreSQL und Memory.";WP-025(T) WP-031(S);WP-031;M0.1a Mandantentrennung (RLS/Scopes, WithTenant);E-01;
IMP-08;[P2];ABWEICHEND;High;befunde.csv docs/audit/04-ci-netz-rack-beziehungen-impact.md:77;"Blast Radius existiert mit CIs, Clients, Sites und SPOF-Feld; AffectedServices bleibt leer, weil services nie befüllt wird. SPOF zählt eingehende Kanten ohne korrekte Typ-/Redundanzsemantik.";WP-218(S);WP-218;M-S – High-Befunde späterer Phasen (nach E-03);E-01 E-03;"Abschluss-WP nach E-03 in die Folgephase verschoben; im G1-Release über WP-214 (m-gates) abgeschaltet."
IMP-09;[B];PARTIAL;High;befunde.csv docs/audit/04-ci-netz-rack-beziehungen-impact.md:78;PDU/USV-Erkennung und Übernahme vorgegebener powered_by-Kanten bestehen. Vollständige Versorgungskette, redundante Einspeisungen und Outlet-Mapping als Kantengenerator fehlen.;WP-161(S);WP-161;Epic D – Collector und Discovery;E-01;
INS-01;[Q];PARTIAL;High;befunde.csv docs/audit/01-installation-stack.md:71;"Nur ubuntu-latest, keine festgelegte Ubuntu-24.04-/Debian-12-Matrix; Health-Auswertung verschluckt Compose-/JSON-Fehler und prüft nicht alle erwarteten Dienste einschließlich fehlender/beendeter Container.";WP-092(S) WP-211(T);WP-092;Epic A – Installation und Betrieb;E-27;
INS-02;[B];PARTIAL;High;befunde.csv docs/audit/01-installation-stack.md:72;Realmprüfung und verständliche Fehler bestehen, aber die lokale Discovery-Probe prüft nur das Vorhandensein von issuer, nicht den richtigen extern/containerseitig erreichbaren Issuer oder Brokerkonfiguration. Der localhost-Default kann auf dem Host funktionieren und im Backend-Container scheitern.;WP-095(S);WP-095;Epic A – Installation und Betrieb;;
INS-03;[B];ABWEICHEND;High;befunde.csv docs/audit/01-installation-stack.md:73;"Selbstsigniert-Erkennung vergleicht subject=/issuer= einschließlich ungleicher Präfixe und überspringt ACME; Certbot-Aufruf passt zusätzlich nicht zum Shell-Entrypoint. Kettenvalidierung fehlt und das TLS-Template wird auch ohne TLS-Domain eingebunden.";WP-094(S);WP-094;Epic A – Installation und Betrieb;;
INS-04;[Q];PARTIAL;High;befunde.csv docs/audit/01-installation-stack.md:74;"Kein zusammenhängender Install→echtes Signup/Login→Dashboard-Test; Fehlerbilder sind höchstens isoliert simuliert/abgefangen. Kein Nachweis für CH23-Self-Signup samt Verifikation/Trial, nicht bloß Login.";WP-200(S);WP-200;Epic C – API, Kernfunktionen, UI;;
INS-05;[B];ABWEICHEND;High;befunde.csv docs/audit/01-installation-stack.md:75;"Secrets und Session-Key werden wiederverwendet, doch Passwortprobe nutzt den lokalen Socket statt TCP und die Keycloak-DB wird nicht entsprechend synchronisiert. Vollständiges Neuschreiben der .env verliert zusätzliche Konfiguration wie RETICORA_HTTP_BIND; Troubleshooting-Doku ist vorhanden.";WP-096(S);WP-096;Epic A – Installation und Betrieb;;
INS-06;[B];ABWEICHEND;High;befunde.csv docs/audit/01-installation-stack.md:76;"UI empfiehlt `reticora-collector enroll --server … --code …`, aber der CLI-Einstieg verarbeitet diese Argumente nicht; Scopes-Vorschlag/-Bestätigung fehlt. Der separate Enrollment-Client verwendet außerdem einen anderen Standardpfad und andere JSON-Felder als die Collector-API.";WP-156(S);WP-156;Epic D – Collector und Discovery;;
INS-07;[B];ABWEICHEND;Medium;befunde.csv docs/audit/01-installation-stack.md:77;"4 vCPU/8 GB/100 GB SSD sind dokumentiert, aber OS-/Release-Erkennung und Sizing-Tabelle bis 50.000 fehlen; beliebiges docker-compose inklusive v1 wird akzeptiert, Docker ≥24 nicht geprüft. Andere Paketmanager werden versucht, nicht mit eindeutiger Supportmeldung abgegrenzt.";WP-093(S);WP-093;Epic A – Installation und Betrieb;E-17;
INV-01;[P2];ABWEICHEND;High;befunde.csv docs/audit/09-module-phase2plus.md:41;"Keine eingefrorene Sollmenge, Differenzen sind eingegebene Scanresultate; Abschluss ändert Assets direkt ohne stock_movement. Scans/Status/Löschung bleiben auch nach Abschluss möglich.";WP-227(S);WP-227;M-S – High-Befunde späterer Phasen (nach E-03);E-03;"Abschluss-WP nach E-03 in die Folgephase verschoben; im G1-Release über WP-214 (m-gates) abgeschaltet."
INV-03;"[P2]; RFID/Direct-Access [P4]";ABWEICHEND;High;befunde.csv docs/audit/09-module-phase2plus.md:43;"Barcode speicherbar, aber ohne Unique-Index; SVG erzeugt keine echte scannerfähige Symbologie. Code128/QR-PDF, Vorlagen, Kamera und Barcode-Lookup fehlen; spätere RFID-Reader-/Direct-Access-Teile nicht zusätzlich G1-fällig.";WP-227(S);WP-227;M-S – High-Befunde späterer Phasen (nach E-03);E-03;"Abschluss-WP nach E-03 in die Folgephase verschoben; im G1-Release über WP-214 (m-gates) abgeschaltet."
JOB-01;[B];ABWEICHEND;High;befunde.csv docs/audit/07-api-suche-jobs-lebenszyklus.md:61;"Exportjobs sind persistent, aber Status, Felder und Org-Nullbarkeit entsprechen nicht `job`; Ausführung pollt Postgres statt NATS-Work-Queue. Retry/Backoff, kindbezogene Timeouts und Wiederaufnahme liegengebliebener `running`-Jobs fehlen; Ergebnis-RLS schützt nur die Organisation.";WP-129(S);WP-129;Epic B – Fundament;;
JOB-02;"[B]; Zusätze [P2], [P3]";PARTIAL;High;befunde.csv docs/audit/07-api-suche-jobs-lebenszyklus.md:62;"Einzelne Ticker ersetzen keine vollständigen Cron-Systemjobdefinitionen; kein Advisory-Lock je Kind und kein persistentes, begrenztes Catch-up gefunden. Die acht Baseline-Systemjobs sind nicht als vollständiger Scheduler verdrahtet; die späteren Computed-/Workflow-Zeitpläne bleiben OFFEN.";WP-131(S);WP-131;Epic B – Fundament;;
JOB-03;[B];PARTIAL;High;befunde.csv docs/audit/07-api-suche-jobs-lebenszyklus.md:63;Export-/Discoverylisten sind vorhanden, aber die vier generischen Endpunkte einschließlich Cancel/Revert und ein allgemeines Jobcenter fehlen. Keine Jobmetriken für Dauer, Fehler, Rückstau und Alter des ältesten queued Jobs gefunden.;WP-182(S);WP-182;Epic C – API, Kernfunktionen, UI;E-25;
JOB-04;[B];PARTIAL;High;befunde.csv docs/audit/07-api-suche-jobs-lebenszyklus.md:64;"Nur der gesonderte Exportweg läuft tatsächlich als persistenter Hintergrundjob; Bulk und Review-Merge laufen ohne Job, State-Snapshot wird synchron berechnet. Import, vollständiger CI-Merge, Template-Migration, Org-Export/-Löschung und Index-DDL haben keine solche Jobanbindung.";WP-183(S);WP-183;Epic C – API, Kernfunktionen, UI;E-25;
LCY-01;[B];PARTIAL;Low;befunde.csv docs/audit/04-ci-netz-rack-beziehungen-impact.md:43;"Operativer Status und Lifecycle sind getrennt; keine zusätzliche Modellabweichung festgestellt. Ohne vollständigen Testnachweis kein PASS; Löschstatusproblem separat CI-05.";WP-122(S) WP-170(T);WP-122;Epic B – Fundament;E-01;
LCY-02;[P2];ABWEICHEND;High;befunde.csv docs/audit/04-ci-netz-rack-beziehungen-impact.md:44;"Graph und neun physische States bestehen; PostgreSQL-Transition lädt über List jedoch keine States und lehnt Zielzustände ab. Softwarestandard, Anwendungsbereichsprüfung nur für Software-CIs und vollständige Vererbung/Guards fehlen.";WP-215(S);WP-215;M-S – High-Befunde späterer Phasen (nach E-03);E-01 E-03;"Abschluss-WP nach E-03 in die Folgephase verschoben; im G1-Release über WP-214 (m-gates) abgeschaltet."
LCY-03;[P2];ABWEICHEND;High;befunde.csv docs/audit/04-ci-netz-rack-beziehungen-impact.md:45;Pflichtfelder sind nur nichtleere Kontextwerte statt geprüfter persistierter Standort-/Zuweisungs-/Entsorgungsreferenzen. deployed fordert deployment_location statt der geforderten Standort-und/oder-Assignee-Semantik.;WP-215(S);WP-215;M-S – High-Befunde späterer Phasen (nach E-03);E-01 E-03;"Abschluss-WP nach E-03 in die Folgephase verschoben; im G1-Release über WP-214 (m-gates) abgeschaltet."
LCY-05;[B];FAIL;High;befunde.csv docs/audit/04-ci-netz-rack-beziehungen-impact.md:47;"Kein entsprechender CI-Offlinedetektor; is_observable fehlt und manuelles Create setzt IsManual nicht. Collector-/Agent-Offlinestatus ersetzt die geforderte UND-Verknüpfung der CI-Bedingungen nicht.";WP-157(S);WP-157;Epic D – Collector und Discovery;E-01;
LOC-01;B/G1;PARTIAL;Medium;Teil 03 (nicht konsolidiert) docs/audit/03-datenmodell-standorte-metamodell.md:37;"Org-Name, eindeutiger Slug, Plan und Settings vorhanden; keine modellierten/validierten IANA-Zeitzonen, ISO-4217-Währung und Locale: `/home/runner/work/Reticora-CMDB/Reticora-CMDB/backend/migrations/000001_tenant_model.up.sql:6–14`, `/home/runner/work/Reticora-CMDB/Reticora-CMDB/backend/migrations/000031_schema_corrections.up.sql:12–15`. Freies JSON ersetzt keine erzwungene Semantik.";WP-107(S);WP-107;Epic B – Fundament;;
LOC-02;B/G1;ABWEICHEND;Medium;Teil 03 (nicht konsolidiert) docs/audit/03-datenmodell-standorte-metamodell.md:38;"Unique liegt auf `(organization_id,slug)`, nicht auf Name; `external_ref` nur Schema, nicht CRUD-Modell/SQL; Zeitzone fehlt. `/home/runner/work/Reticora-CMDB/Reticora-CMDB/backend/migrations/000001_tenant_model.up.sql:16–25`, `/home/runner/work/Reticora-CMDB/Reticora-CMDB/backend/migrations/000031_schema_corrections.up.sql:17–18`, `/home/runner/work/Reticora-CMDB/Reticora-CMDB/backend/internal/tenantapi/model.go:8–33`, `/home/runner/work/Reticora-CMDB/Reticora-CMDB/backend/internal/tenantapi/pg_repository.go:105–151`.";WP-107(S);WP-107;Epic B – Fundament;;
LOC-03;B/G1;ABWEICHEND;Medium;Teil 03 (nicht konsolidiert) docs/audit/03-datenmodell-standorte-metamodell.md:39;"Unique `(organization_id,name)` statt `(org,client_id,name)` verbietet MSP-Standortnamen über verschiedene Clients hinweg; Zeitzone fehlt. Adresse, Geo und Notes vorhanden: `/home/runner/work/Reticora-CMDB/Reticora-CMDB/backend/migrations/000021_spec_alignment.up.sql:58–67`, `/home/runner/work/Reticora-CMDB/Reticora-CMDB/backend/internal/tenantapi/model.go:35–66`.";WP-107(S);WP-107;Epic B – Fundament;;
LOC-04;B/G1;PARTIAL;Medium;Teil 03 (nicht konsolidiert) docs/audit/03-datenmodell-standorte-metamodell.md:40;"Site, Name und Floorplan-Key vorhanden; Unique `(site_id,name)` fehlt. `/home/runner/work/Reticora-CMDB/Reticora-CMDB/backend/migrations/000001_tenant_model.up.sql:38–46`, `/home/runner/work/Reticora-CMDB/Reticora-CMDB/backend/migrations/000021_spec_alignment.up.sql:69–70`, `/home/runner/work/Reticora-CMDB/Reticora-CMDB/backend/internal/tenantapi/pg_repository.go:350–394`.";WP-108(S);WP-108;Epic B – Fundament;;
LOC-05;B/G1;PARTIAL;Medium;Teil 03 (nicht konsolidiert) docs/audit/03-datenmodell-standorte-metamodell.md:41;"Building, Name und Floor vorhanden; Unique `(building_id,name)` fehlt. `/home/runner/work/Reticora-CMDB/Reticora-CMDB/backend/migrations/000001_tenant_model.up.sql:48–57`, `/home/runner/work/Reticora-CMDB/Reticora-CMDB/backend/internal/tenantapi/pg_repository.go:403–418,466–498`.";WP-108(S);WP-108;Epic B – Fundament;;
LOC-06;B/G1;ABWEICHEND;Medium;Teil 03 (nicht konsolidiert) docs/audit/03-datenmodell-standorte-metamodell.md:42;"DB-CHECK 1–60 und Defaults 42/600/1000 vorhanden; Feld/API heißt `height_u`, nicht `height_units`; Unique `(room_id,name)` fehlt. POST behandelt auch explizites `height_u:0` als Default 42, PATCH lehnt 0 ab. `/home/runner/work/Reticora-CMDB/Reticora-CMDB/backend/migrations/000021_spec_alignment.up.sql:49–56`, `/home/runner/work/Reticora-CMDB/Reticora-CMDB/backend/internal/rack/model.go:7–37`, `/home/runner/work/Reticora-CMDB/Reticora-CMDB/backend/internal/rack/handler.go:95–128,156–158`.";WP-108(S);WP-108;Epic B – Fundament;;
LOC-07;B/G1;ABWEICHEND;High;Teil 03 (nicht konsolidiert) docs/audit/03-datenmodell-standorte-metamodell.md:43;"Client/Site/Building/Room/Rack-CRUD vorhanden, aber `BuildTree` hängt Kinder an Map-Kopien und liefert Roots aus anderen Kopien: Kinder fehlen im Ergebnis. PG ruft dieselbe Funktion auf. `/home/runner/work/Reticora-CMDB/Reticora-CMDB/backend/internal/locationnode/repository.go:79–100`, `/home/runner/work/Reticora-CMDB/Reticora-CMDB/backend/internal/locationnode/pg_repository.go:90–97`. Inline-Anlage erzeugt nur generische Nodes, keine Fachobjekte; kein Org-CRUD im Hierarchieangebot, kein Bearbeiten/Verschieben im Baum-UI (`/home/runner/work/Reticora-CMDB/Reticora-CMDB/frontend/src/pages/LocationTreePage.tsx:139–145,234–243`).";WP-053(S);WP-053;M0.1c Migrationen und Standortmodell;E-25;
LOC-08;P2/G2;ABWEICHEND;High;Teil 03 (nicht konsolidiert) docs/audit/03-datenmodell-standorte-metamodell.md:44;"Lagerarten bereits in `NodeTypes`, aber Create prüft nur Art, nicht Elternkombination; UI erlaubt Warehouse als Root. `/home/runner/work/Reticora-CMDB/Reticora-CMDB/backend/internal/locationnode/model.go:13–18`, `/home/runner/work/Reticora-CMDB/Reticora-CMDB/backend/internal/locationnode/pg_repository.go:119–138`, `/home/runner/work/Reticora-CMDB/Reticora-CMDB/frontend/src/pages/LocationTreePage.tsx:103–108,156–163`. Bereits vorhandene widersprechende Implementierung, keine unterstellte G2-Fälligkeit.";WP-238(S);WP-238;M-S – High-Befunde späterer Phasen (nach E-03);E-03 E-04;"Abschluss-WP nach E-03 in die Folgephase verschoben; im G1-Release über WP-214 (m-gates) abgeschaltet."
LOC-10;B/G1;ABWEICHEND;Critical;Teil 03 (nicht konsolidiert) docs/audit/03-datenmodell-standorte-metamodell.md:46;"Zusätzlicher `location_node` statt kanonischem `location`: keine `path ltree`, keine 1:1-Fachtabellen, keine Elternmatrix; Site-/Client-Werte frei statt abgeleitet. Warehouse/Zone/Shelf/Bin als Arten zulässig, aber keine Fachtabellen. CI-/Asset-FKs zeigen auf diesen Nebenbaum. `/home/runner/work/Reticora-CMDB/Reticora-CMDB/backend/migrations/000055_cmdb_extensions.up.sql:284–322`. PATCH hat Vorfahrenprüfung, jedoch keine DB-Zyklusgarantie/Serialisierung (`/home/runner/work/Reticora-CMDB/Reticora-CMDB/backend/internal/locationnode/pg_repository.go:142–160`). Scope-Lücke in USING und WITH CHECK: nur Org, siehe X-SCOPE.";WP-026(T) WP-053(T) WP-054(S);WP-054;M0.1c Migrationen und Standortmodell;E-19 E-25;
LOC-11;B/G1;ABWEICHEND;Critical;Teil 03 (nicht konsolidiert) docs/audit/03-datenmodell-standorte-metamodell.md:47;"Node-Delete prüft nur Kinder; CI-/Asset-Standorte werden per `ON DELETE SET NULL` entfernt. Rack-Delete löscht Mounts per CASCADE statt 409. `/home/runner/work/Reticora-CMDB/Reticora-CMDB/backend/internal/locationnode/pg_repository.go:219–238`, `/home/runner/work/Reticora-CMDB/Reticora-CMDB/backend/migrations/000055_cmdb_extensions.up.sql:319–320`, `/home/runner/work/Reticora-CMDB/Reticora-CMDB/backend/migrations/000021_spec_alignment.up.sql:112–116`, `/home/runner/work/Reticora-CMDB/Reticora-CMDB/backend/internal/rack/pg_repository.go:157–167`. Site-Delete mappt DB-Fehler auf 404 (`/home/runner/work/Reticora-CMDB/Reticora-CMDB/backend/internal/tenantapi/handler.go:238–248`). PATCH parent_id ohne `location_change`, Audit oder Teilbaumpfade (`/home/runner/work/Reticora-CMDB/Reticora-CMDB/backend/internal/locationnode/pg_repository.go:142–215`). Stiller Verlust von Zuordnungen/Mounts verletzt PRI-10.";WP-055(S);WP-055;M0.1c Migrationen und Standortmodell;;
MET-01;"B/G1; Teil P2/G2";ABWEICHEND;High;Teil 03 (nicht konsolidiert) docs/audit/03-datenmodell-standorte-metamodell.md:48;"System-/Org-Typen und partielle Key-Unique-Indizes vorhanden. `display_name` ist String statt de/en-Map; `is_observable` samt Default/Offline-Anbindung fehlt. `attribute_schema`/`required_fields` nur nullable Spalten, kein Generator/2020-12-Vertrag oder `schema_version`. `/home/runner/work/Reticora-CMDB/Reticora-CMDB/backend/internal/citype/model.go:15–39`, `/home/runner/work/Reticora-CMDB/Reticora-CMDB/backend/migrations/000021_spec_alignment.up.sql:75–82`, `/home/runner/work/Reticora-CMDB/Reticora-CMDB/backend/migrations/000056_rls_enforcement.up.sql:177–180`. P2-Parent fehlt; `lifecycle_definition_id` ist der bestehende Lifecycle-FK.";WP-115(S);WP-115;Epic B – Fundament;;
MET-02;B/G1;PARTIAL;Low;Teil 03 (nicht konsolidiert) docs/audit/03-datenmodell-standorte-metamodell.md:49;Statischer Seedvergleich exakt: 17 geforderte physische Keys, fehlend ∅, zusätzlich ∅. `/home/runner/work/Reticora-CMDB/Reticora-CMDB/backend/migrations/000021_spec_alignment.up.sql:90–109`. Vorlagenkatalog ist keine Seed-Menge (siehe Detailabschnitt).;WP-115(S);WP-115;Epic B – Fundament;;
MET-03;B/G1;ABWEICHEND;High;Teil 03 (nicht konsolidiert) docs/audit/03-datenmodell-standorte-metamodell.md:50;"Alle sechs logischen DB-Seeds fehlen: `business_service`, `application`, `database`, `cluster`, `cloud_resource`, `software`; zusätzliche logische DB-Seeds ∅. Vorlagen sind nur GET-Angebot und enthalten den ausgeschlossenen Typ `contract` sowie `software_license`; `vm` dort logisch. `/home/runner/work/Reticora-CMDB/Reticora-CMDB/backend/internal/citype/templates.go:108–163`, `/home/runner/work/Reticora-CMDB/Reticora-CMDB/backend/internal/citype/handler.go:93–100`, `/home/runner/work/Reticora-CMDB/Reticora-CMDB/backend/internal/server/repositories.go:129–182`.";WP-115(S);WP-115;Epic B – Fundament;;
MET-04;B/G1;PARTIAL;Medium;Teil 03 (nicht konsolidiert) docs/audit/03-datenmodell-standorte-metamodell.md:51;"REST legt neue Typen und Felder unmittelbar in bestehenden Tabellen an, ohne DDL/Release: `/home/runner/work/Reticora-CMDB/Reticora-CMDB/backend/internal/citype/handler.go:116–164`, `/home/runner/work/Reticora-CMDB/Reticora-CMDB/backend/internal/citype/pg_repository.go:136–172`. CI-Anlage nimmt Typ-ID; UI-Einschränkung siehe MET-51.";WP-119(S);WP-119;Epic B – Fundament;;
MET-10;"B/G1; Teil P2/G2";ABWEICHEND;High;Teil 03 (nicht konsolidiert) docs/audit/03-datenmodell-standorte-metamodell.md:54;"Typgebundene `ci_type_attribute` plus Instanzdefinitionen statt zentralem Org-/Systemkatalog. `label` String statt i18n; `multi_value`, `searchable`, `unique`/Scope, `inheritable`, `unit` fehlen; Default nur String. Validation festes Objekt, nicht gemeinsame JSON-AST. `/home/runner/work/Reticora-CMDB/Reticora-CMDB/backend/internal/citype/model.go:42–79`, `/home/runner/work/Reticora-CMDB/Reticora-CMDB/backend/internal/fieldmeta/fieldmeta.go:71–94`, `/home/runner/work/Reticora-CMDB/Reticora-CMDB/backend/internal/citype/pg_repository.go:384–424`. P2-Rollenrechte/computed OFFEN.";WP-116(S);WP-116;Epic B – Fundament;;
MET-11;"B/G1; Teil P2/G2";ABWEICHEND;High;Teil 03 (nicht konsolidiert) docs/audit/03-datenmodell-standorte-metamodell.md:55;"Go-Wertprüfungen vorhanden, aber `multiline`/`multiselect` fehlen zugunsten `textarea`/`multi_enum`; `uuid` fehlt ganz. `/home/runner/work/Reticora-CMDB/Reticora-CMDB/backend/internal/fieldmeta/fieldmeta.go:23–59,397–479`. Discovery schreibt direkt Repository und umgeht Servicevalidierung (`/home/runner/work/Reticora-CMDB/Reticora-CMDB/backend/internal/server/router.go:212–216`, `/home/runner/work/Reticora-CMDB/Reticora-CMDB/backend/internal/discovery/discovery.go:734,790`). P2-Datei/Referenzen nur String; Details je B-Datentyp unten.";WP-117(S);WP-117;Epic B – Fundament;;
MET-12;P2/G2;ABWEICHEND;High;Teil 03 (nicht konsolidiert) docs/audit/03-datenmodell-standorte-metamodell.md:56;"Vorhandene Referenztypen akzeptieren jede Zeichenkette; keine UUID-/Existenz-/Org-/Clientprüfung. Location nicht an gemeinsamen Baum gebunden. `/home/runner/work/Reticora-CMDB/Reticora-CMDB/backend/internal/fieldmeta/fieldmeta.go:472–476`, `/home/runner/work/Reticora-CMDB/Reticora-CMDB/backend/internal/ci/validation.go:60–107`. UI erwartet Zieloptionen, tatsächlich aufrufender Instanzeditor liefert sie nicht (`/home/runner/work/Reticora-CMDB/Reticora-CMDB/frontend/src/components/form/DynamicForm.tsx:135–154`, `/home/runner/work/Reticora-CMDB/Reticora-CMDB/frontend/src/components/cmdb/CIDetailSections.tsx:186–202`).";WP-239(S);WP-239;M-S – High-Befunde späterer Phasen (nach E-03);E-03 E-04;"Abschluss-WP nach E-03 in die Folgephase verschoben; im G1-Release über WP-214 (m-gates) abgeschaltet."
MET-14;P2/G2;ABWEICHEND;Critical;Teil 03 (nicht konsolidiert) docs/audit/03-datenmodell-standorte-metamodell.md:58;"Instanzdefinitionen vorhanden, Werte jedoch flach in `attributes` statt `_instance`; keine Audit-Anbindung. Route `/cis/{id}/field-definitions` erbt `ci:write` statt eigener `ci_instance_attribute:manage`. Discovery schützt nur explizite Overrides, nicht Instanzfelder generell. `/home/runner/work/Reticora-CMDB/Reticora-CMDB/frontend/src/components/cmdb/CIDetailSections.tsx:186–200`, `/home/runner/work/Reticora-CMDB/Reticora-CMDB/backend/internal/citype/pg_repository.go:675–710`, `/home/runner/work/Reticora-CMDB/Reticora-CMDB/backend/internal/server/authz.go:129–134,210,242–246`, `/home/runner/work/Reticora-CMDB/Reticora-CMDB/backend/internal/discovery/discovery.go:706–710,761–790`.";WP-045(T) WP-056(T);WP-056;M0.1c Migrationen und Standortmodell;E-03;
MET-15;B/G1;FAIL;High;Teil 03 (nicht konsolidiert) docs/audit/03-datenmodell-standorte-metamodell.md:59;Keine Searchable-/Unique-Flags, kein dynamischer Unique-Index und keine serverseitige Attribut-Eindeutigkeit. JSONB-GIN und feste CI-Identitätsindizes ersetzen dies nicht. `/home/runner/work/Reticora-CMDB/Reticora-CMDB/backend/internal/fieldmeta/fieldmeta.go:71–84`, `/home/runner/work/Reticora-CMDB/Reticora-CMDB/backend/migrations/000002_ci_type_system.up.sql:60–68`, `/home/runner/work/Reticora-CMDB/Reticora-CMDB/backend/internal/ci/service.go:63–82,115–124`.;WP-142(S);WP-142;Epic B – Fundament;E-04;
MET-16;"B/G1; Teil P2/G2";ABWEICHEND;High;Teil 03 (nicht konsolidiert) docs/audit/03-datenmodell-standorte-metamodell.md:60;"Global→Typ→Instanz ersetzt Definitionen vollständig per `byName[def.Name]=def`; kein required-OR, Enum-Schnitt, engste Bounds, allOf oder Datentyp-Konfliktfehler. Keine materialisierte Systembasis oder Schema-Versionreferenz im CI. `/home/runner/work/Reticora-CMDB/Reticora-CMDB/backend/internal/citype/resolver.go:26–68`, `/home/runner/work/Reticora-CMDB/Reticora-CMDB/backend/internal/citype/pg_repository.go:479–497`, `/home/runner/work/Reticora-CMDB/Reticora-CMDB/backend/internal/ci/model.go:7–36`. P2-Sets/Templates/Vererbung bleiben OFFEN, die B-Materialisierung fehlt bereits.";WP-119(S);WP-119;Epic B – Fundament;;
MET-20;nicht geliefert;N/P;–;Teil 03 (nicht konsolidiert) docs/audit/03-datenmodell-standorte-metamodell.md:61;"ID nur in Vollständigkeitsliste; Fachwortlaut fehlt in der übermittelten Spezifikation (Quellenlücke oben).";;;;E-01 E-04;Kein WP: N/P, Klärung über Entscheidung.
MET-30;nicht geliefert;N/P;–;Teil 03 (nicht konsolidiert) docs/audit/03-datenmodell-standorte-metamodell.md:62;"ID nur in Vollständigkeitsliste; Fachwortlaut fehlt. Aus vorhandenen Vorlagen keine Anforderung rekonstruiert.";;;;E-01 E-04;Kein WP: N/P, Klärung über Entscheidung.
MET-31;nicht geliefert;N/P;–;Teil 03 (nicht konsolidiert) docs/audit/03-datenmodell-standorte-metamodell.md:63;"ID nur in Vollständigkeitsliste; Fachwortlaut fehlt.";;;;E-01 E-04;Kein WP: N/P, Klärung über Entscheidung.
MET-32;nicht geliefert;N/P;–;Teil 03 (nicht konsolidiert) docs/audit/03-datenmodell-standorte-metamodell.md:64;"ID nur in Vollständigkeitsliste; Fachwortlaut fehlt.";;;;E-01 E-04;Kein WP: N/P, Klärung über Entscheidung.
MET-33;nicht geliefert;N/P;–;Teil 03 (nicht konsolidiert) docs/audit/03-datenmodell-standorte-metamodell.md:65;"ID nur in Vollständigkeitsliste; Fachwortlaut fehlt.";;;;E-01 E-04;Kein WP: N/P, Klärung über Entscheidung.
MET-34;nicht geliefert;N/P;–;Teil 03 (nicht konsolidiert) docs/audit/03-datenmodell-standorte-metamodell.md:66;"ID nur in Vollständigkeitsliste; Fachwortlaut fehlt.";;;;E-01 E-04;Kein WP: N/P, Klärung über Entscheidung.
MET-40;nicht geliefert;N/P;–;Teil 03 (nicht konsolidiert) docs/audit/03-datenmodell-standorte-metamodell.md:67;"ID nur in Vollständigkeitsliste; Fachwortlaut fehlt. JSON-Predicates sind kein Ersatz für unbekannten Solltext.";;;;E-01 E-04;Kein WP: N/P, Klärung über Entscheidung.
MET-41;nicht geliefert;N/P;–;Teil 03 (nicht konsolidiert) docs/audit/03-datenmodell-standorte-metamodell.md:68;"ID nur in Vollständigkeitsliste; Fachwortlaut fehlt.";;;;E-01 E-04;Kein WP: N/P, Klärung über Entscheidung.
MET-42;nicht geliefert;N/P;–;Teil 03 (nicht konsolidiert) docs/audit/03-datenmodell-standorte-metamodell.md:69;"ID nur in Vollständigkeitsliste; Fachwortlaut fehlt.";;;;E-01 E-04;Kein WP: N/P, Klärung über Entscheidung.
MET-43;nicht geliefert;N/P;–;Teil 03 (nicht konsolidiert) docs/audit/03-datenmodell-standorte-metamodell.md:70;"ID nur in Vollständigkeitsliste; Fachwortlaut fehlt.";;;;E-01 E-04;Kein WP: N/P, Klärung über Entscheidung.
MET-44;nicht geliefert;N/P;–;Teil 03 (nicht konsolidiert) docs/audit/03-datenmodell-standorte-metamodell.md:71;Nur Querverweis „computed (MET-44)“ in MET-10 übermittelt, keine vollständige Semantik/Phase dieser ID.;;;;E-01 E-04;Kein WP: N/P, Klärung über Entscheidung.
MET-45;"Phase 1 im Fokus; voller Tag fehlt";ABWEICHEND;High;Teil 03 (nicht konsolidiert) docs/audit/03-datenmodell-standorte-metamodell.md:72;"Go und TS besitzen separate Regel-/Wertauswertung, aber `/home/runner/work/Reticora-CMDB/Reticora-CMDB/api/rules.schema.json` und gemeinsame Konformanzfälle fehlen. JSON-Metadaten sind keine gemeinsame verbindliche AST-Spezifikation. TS akzeptiert z. B. syntaktisch ungültige IP-/Kalenderwerte, Go verwirft sie; Länge Go-Bytes versus TS-UTF-16. `/home/runner/work/Reticora-CMDB/Reticora-CMDB/frontend/src/lib/fieldmeta.ts:226–238,265–269`, `/home/runner/work/Reticora-CMDB/Reticora-CMDB/backend/internal/fieldmeta/fieldmeta.go:416–443,494–500`. Go-Autorität im Ingest umgangen (MET-11).";WP-118(S);WP-118;Epic B – Fundament;;
MET-51;P2/G2;ABWEICHEND;High;Teil 03 (nicht konsolidiert) docs/audit/03-datenmodell-standorte-metamodell.md:74;"Bestehender CI-Dialog ohne Progression/Kachelauswahl; acht feste Typen/Stammfelder, keine dynamischen Typ-/Pflichtfelder. Er sendet `""server""` als UUID-Typ-ID, ohne Key-Auflösung im Createpfad. `/home/runner/work/Reticora-CMDB/Reticora-CMDB/frontend/src/pages/CIFormModal.tsx:30,66–75,142–151,183–238`, `/home/runner/work/Reticora-CMDB/Reticora-CMDB/backend/internal/ci/handler.go:130–143`, `/home/runner/work/Reticora-CMDB/Reticora-CMDB/backend/migrations/000002_ci_type_system.up.sql:31`.";WP-239(S);WP-239;M-S – High-Befunde späterer Phasen (nach E-03);E-03 E-04;"Abschluss-WP nach E-03 in die Folgephase verschoben; im G1-Release über WP-214 (m-gates) abgeschaltet."
MET-54;"B/G1; Teil P2/G2";ABWEICHEND;High;Teil 03 (nicht konsolidiert) docs/audit/03-datenmodell-standorte-metamodell.md:77;"REST-Typ-/Feldverwaltung vorhanden, kein Metamodell-Export; Exporthandler nur CIs. PG-Typänderungen ohne Audit-Recorder/History, Webhookdispatch ist kein Audit. `/home/runner/work/Reticora-CMDB/Reticora-CMDB/backend/internal/citype/handler.go:40–58`, `/home/runner/work/Reticora-CMDB/Reticora-CMDB/backend/internal/export/export.go:34–37`, `/home/runner/work/Reticora-CMDB/Reticora-CMDB/backend/internal/citype/pg_repository.go:42–65,94–106`. Adminseite nutzt Listenobjekte ohne deren Felddefinitionen als Details (`/home/runner/work/Reticora-CMDB/Reticora-CMDB/frontend/src/pages/CITypeAdminPage.tsx:70,178–189`). Global-DELETE/Instanzrechte siehe MET-13/14.";WP-134(S);WP-134;Epic B – Fundament;;
MGT-01;[P2];ABWEICHEND;Critical;befunde.csv docs/audit/09-module-phase2plus.md:44;"Metadaten, Upload und Presign vorhanden, aber frei gesetzter StorageKey kann auf ein fremdes Org-Blob zeigen; Metadaten-RLS schützt nicht dessen Eigentümerschaft. Vertrag/Entsorgung/Location fehlen im Link-CHECK, außerdem vollständige Versionierung/Audit/Org-Speicherlimit; SEC-09-Detailtext N/P.";WP-028(T) WP-030(T);WP-030;M0.1a Mandantentrennung (RLS/Scopes, WithTenant);E-03;Vertrag/Entsorgung/Location im Link-CHECK sowie Versionierung/Audit gehören zu P2 (nach E-03).
MGT-02;[P2];ABWEICHEND;Critical;befunde.csv docs/audit/09-module-phase2plus.md:45;"Append-only-Trigger vorhanden, aber Lesen/Schreiben der asset-/CI-bezogenen Dokumentation schützt nur Org, nicht deren Client/Site/Team. Bewegung wird separat geschrieben und Fehler ignoriert; konkrete BSI-/ISO-Norm und Nachweiskriterien fehlen im Solltext.";WP-028(S) WP-224(T);WP-028;M0.1a Mandantentrennung (RLS/Scopes, WithTenant);E-03;
MGT-03;[P4];ABWEICHEND;Critical;befunde.csv docs/audit/09-module-phase2plus.md:46;"Schlüssel mit Ausgabe/Rückgabe und PG-Zeilensperre existieren; client_id wird gespeichert, aber RLS/Repository prüfen ausschließlich Org. Clientgescopte Lese-/Schreibrechte begrenzen Schlüssel und Ausgaben daher nicht zuverlässig.";WP-019(T) WP-023(T) WP-028(T);WP-028;M0.1a Mandantentrennung (RLS/Scopes, WithTenant);E-03 E-09;
MGT-04;[P3];ABWEICHEND;Critical;befunde.csv docs/audit/09-module-phase2plus.md:47;"Fenster/CI-Zuordnung bestehen, aber Empfänger werden nur aus direkt zugeordneten CIs statt Graphimpact ermittelt; sent wird ohne Versand gespeichert. Der PG-Pfad setzt nur Org und überträgt keinen Client-/Site-/Team-Scope auf die CI-Abfrage; Scopebefund Critical, Versand-/Graphbefund High.";WP-020(T) WP-028(T) WP-063(T) WP-228(T);WP-228;M-S – High-Befunde späterer Phasen (nach E-03);E-03;"Rest nach E-03 (M-S). Abschluss-WP nach E-03 in die Folgephase verschoben; im G1-Release über WP-214 (m-gates) abgeschaltet."
MGT-05;[P4];ABWEICHEND;Critical;befunde.csv docs/audit/09-module-phase2plus.md:48;"Buchungen bestehen, jedoch Org-only statt geerbter Room/Site-/Team-Sichtbarkeit. Überlappung wird per SELECT vor INSERT ohne Zeilensperre/Exclusion geprüft; parallele Transaktionen können denselben Zeitraum buchen.";WP-029(S);WP-029;M0.1a Mandantentrennung (RLS/Scopes, WithTenant);E-03 E-11;
MGT-06;[P4];ABWEICHEND;Critical;befunde.csv docs/audit/09-module-phase2plus.md:49;"Arbeitsplatzgrundverwaltung über Desk-CRUD, Raumreferenz, Status und Attribute vorhanden; kein zusätzlich erfundener Funktionsumfang. Dieselbe fehlende Standort-/Teamschranke wie MGT-05 betrifft auch Verwaltung/Lesen; gemeinsame Ursache, nicht unabhängige Schwachstelle.";WP-029(S);WP-029;M0.1a Mandantentrennung (RLS/Scopes, WithTenant);E-03 E-11;
MGT-07;[P4];ABWEICHEND;Critical;befunde.csv docs/audit/09-module-phase2plus.md:50;"Kurse, Nutzerzuordnung, Fälligkeit, Abschluss und Proof-Key bestehen; Training-Assignments sind mit bloßem Org-Kontext les-/änderbar. Die zugewiesenen Nutzer-/Teamgrenzen werden weder durch FK noch RLS-Prädikat übernommen.";WP-029(S);WP-029;M0.1a Mandantentrennung (RLS/Scopes, WithTenant);E-03 E-11;
MGT-11;[P5];ABWEICHEND;Critical;befunde.csv docs/audit/09-module-phase2plus.md:54;"Öffentliches Cloud-Asset-CRUD über category=cloud_resource existiert, daher nicht OFFEN. Derselbe Org-only-Scopefehler wie AST-01 betrifft diese Daten; kein zusätzlich ungenannter Providerimport als Pflicht behauptet.";WP-017(T) WP-023(T);WP-023;M0.1a Mandantentrennung (RLS/Scopes, WithTenant);E-09;
MON-01;[B];ABWEICHEND;Critical;befunde.csv docs/audit/08-frontend-monitoring-nfr-tests.md:32;"7-Tage-Kompression, 400-Tage-Retention und umbenanntes Aggregate vorhanden; explizite Tages-Chunks und RLS einschließlich USING/WITH CHECK fehlen. Stundenabfragen referenzieren weiter metric_sample_hourly statt metric_sample_1h.";WP-039(T) WP-040(T);WP-040;M0.1a Mandantentrennung (RLS/Scopes, WithTenant);;
MON-02;[B];ABWEICHEND;High;befunde.csv docs/audit/08-frontend-monitoring-nfr-tests.md:33;"Globale Monitoring-Route und separates Balkendiagramm statt /cis/{id}/metrics mit Detail-Metriklinie; Sweep-Zeitreihe und tatsächliche Power-Messwerte fehlen. SNMP-Uploads enthalten keine ci_id und verletzen damit den NOT-NULL-Vertrag der Persistenz.";WP-190(S);WP-190;Epic C – API, Kernfunktionen, UI;;
MON-03;[P3];PARTIAL;High;befunde.csv docs/audit/08-frontend-monitoring-nfr-tests.md:34;SNMP-Intervall/OIDs sind per Umgebung konfigurierbar, Polling standardmäßig deaktiviert. Redfish-Metrikpolling und Charts mit Schwellwerten fehlen.;WP-234(S);WP-234;M-S – High-Befunde späterer Phasen (nach E-03);E-03;"Abschluss-WP nach E-03 in die Folgephase verschoben; im G1-Release über WP-214 (m-gates) abgeschaltet."
MON-04;[P3];ABWEICHEND;High;befunde.csv docs/audit/08-frontend-monitoring-nfr-tests.md:35;"Feste gt/lt/eq-Schwellwerte statt gemeinsamer JSON-AST; produktiver Notifier loggt nur, ohne Folgeaktionen/Health-Berechnung. Samples werden orgweit statt CI-bezogen ausgewertet, PG-Zustandsupdates laufen ohne erforderlichen Tenantkontext gegen FORCE-RLS.";WP-022(T) WP-234(S);WP-234;M-S – High-Befunde späterer Phasen (nach E-03);E-03;"Abschluss-WP nach E-03 in die Folgephase verschoben; im G1-Release über WP-214 (m-gates) abgeschaltet."
NET-01;[B];ABWEICHEND;High;befunde.csv docs/audit/04-ci-netz-rack-beziehungen-impact.md:49;"Interfacegrundmodell existiert, aber if_index, mtu, vlan_id-FK, miss_count, UNIQUE(ci,name) und Index(org,mac) fehlen; mac_address/interface_type ersetzen die verlangten Feldnamen nicht wortgetreu.";WP-081(T) WP-090(T) WP-123(S);WP-123;Epic B – Fundament;E-01 E-24;
NET-02;[B];ABWEICHEND;High;befunde.csv docs/audit/04-ci-netz-rack-beziehungen-impact.md:50;"Org/Client/Site/CIDR/Gateway bestehen, aber vrf_id und Default global fehlen; UNIQUE(org,cidr) verhindert identische CIDRs derselben Org auch für getrennte VRFs, nicht allgemein unterschiedliche überlappende Präfixe. vlan_id ist nur Integer, kein verwalteter VLAN-Bezug.";WP-081(T) WP-082(T);WP-082;M0.2c Kanonisches Datenmodell (DB-05), VLAN/VRF;E-01 E-24;
NET-03;[B];ABWEICHEND;High;befunde.csv docs/audit/04-ci-netz-rack-beziehungen-impact.md:51;"last_seen_at und optionale Subnetz-/Interfacebezüge bestehen; status active/reserved/deprecated/dhcp/available statt type discovered/reserved/static/dhcp. Finale Teilindizes unterscheiden Interface NULL, enthalten aber kein vrf_id.";WP-082(T) WP-124(S);WP-124;Epic B – Fundament;E-01;
NET-04;[B];N/P;–;befunde.csv docs/audit/04-ci-netz-rack-beziehungen-impact.md:52;"Kabelmodell und CRUD vorhanden; „cable(...) unverändert“ enthält nicht die vollständigen Sollfelder/-regeln aus v2. Keine Vollkonformität aus dem vorhandenen Modell rekonstruiert.";;;;E-01 E-02;Kein WP: N/P, Klärung über Entscheidung.
NET-05;[B];PARTIAL;High;befunde.csv docs/audit/04-ci-netz-rack-beziehungen-impact.md:53;Subnetz-/Kabel-CRUD, IPs pro Subnetz und Interfaces pro CI sind registriert. VRF-/VLAN-Ressourcen und deren CRUD fehlen vollständig.;WP-125(S);WP-125;Epic B – Fundament;E-01;
NET-08;[B];FAIL;High;befunde.csv docs/audit/04-ci-netz-rack-beziehungen-impact.md:56;"vlan-Tabelle mit Org/Site/Nummer/Name/Beschreibung und UNIQUE mit COALESCE(site_id) fehlt; die Subnetznummer ersetzt den Katalog nicht.";WP-081(S);WP-081;M0.2c Kanonisches Datenmodell (DB-05), VLAN/VRF;E-01 E-24;
NET-09;[P2];PARTIAL;High;befunde.csv docs/audit/04-ci-netz-rack-beziehungen-impact.md:57;"reserved ist über generisches POST /ip-addresses nutzbar; verlangtes POST /subnets/{id}/reservations und Review bei Konflikt mit Discovery fehlen. Der vorhandene Asset-Reservierungsdienst ist keine IP-Reservierung.";WP-216(S);WP-216;M-S – High-Befunde späterer Phasen (nach E-03);E-01 E-03;"Abschluss-WP nach E-03 in die Folgephase verschoben; im G1-Release über WP-214 (m-gates) abgeschaltet."
NFR-01;"[B]; Teilumfang [P5]";ABWEICHEND;High;befunde.csv docs/audit/08-frontend-monitoring-nfr-tests.md:54;Reconciliation lädt nur die ersten 10.000 Bestands-CIs ohne weitere Seiten, verarbeitet also den geforderten Headroom nicht vollständig. Das ist ein begrenzter Identitätssuchhorizont, kein behauptetes allgemeines Datenbankspeicherlimit.;WP-086(T) WP-205(S) WP-206(T);WP-205;Lasttest (NFR-10);E-17 E-20;Teilumfang [P5] nicht Phase 1.
NFR-02;[B];ABWEICHEND;High;befunde.csv docs/audit/08-frontend-monitoring-nfr-tests.md:55;"Impact ist auf Tiefe 10 statt der verlangten 20 begrenzt; Einzelabfragen pro CI/Beziehung erzeugen N+1-Risiken. Alle acht Zeitbudgets bleiben N/P, eine generische 500-ms-Prometheus-Regel beweist sie nicht.";WP-177(T) WP-206(S);WP-206;Lasttest (NFR-10);E-17;
NFR-03;"[B]; Teilumfang [P5]";ABWEICHEND;High;befunde.csv docs/audit/08-frontend-monitoring-nfr-tests.md:56;"Spool-Flush verarbeitet höchstens 16 Nachrichten/Batches pro Discovery-Zyklus, standardmäßig alle 15 Minuten; mehr als 16 Batches können deshalb das 5-Minuten-Ziel strukturell verfehlen. Durchsatz 200/1.000 Records/s und Sichtbarkeit unter 30 Sekunden sind ungemessen.";WP-085(T) WP-154(T) WP-206(S);WP-206;Lasttest (NFR-10);E-17;Teilumfang [P5] nicht Phase 1.
NFR-04;"[B]; Teilumfang [P5]";ABWEICHEND;Critical;befunde.csv docs/audit/08-frontend-monitoring-nfr-tests.md:57;"Bei standardmäßig 1 GiB werden unbestätigte alte Spool-Nachrichten ohne Verlustmeldung an den Aufrufer gelöscht, auch innerhalb 24 Stunden. Wartungsankündigung wird ohne Versand als sent gespeichert; reale SaaS-Verfügbarkeit 99,5/99,9 % bleibt N/P.";WP-062(T) WP-063(T);WP-063;M0.1d Overrides, Reconciliation-Schutz, Datenverlust;E-03;Teilumfang [P5] und reale SaaS-Verfügbarkeit sind nur im Betrieb nachweisbar.
NFR-05;[B];PARTIAL;High;befunde.csv docs/audit/08-frontend-monitoring-nfr-tests.md:58;"Nächtlicher Dump und S3-Zugriff vorhanden; WAL/PITR nur dokumentierte Konfigurationsoptionen, Bucket-Erzeugung ohne Versionierung/Replikation. Tatsächliche RPO 15 min/RTO 4 h bleiben N/P.";WP-100(T) WP-101(S);WP-101;Epic A – Installation und Betrieb;E-29;
NFR-06;[B];PARTIAL;High;befunde.csv docs/audit/08-frontend-monitoring-nfr-tests.md:59;"Nur rohe Metriken haben ausdrücklich 400 Tage; Aggregate-Ablauf und vollständige Durchsetzung für Audit zehn Jahre, Historie/Snapshots drei Jahre, Events/Logs 30 Tage, Backups 35 Tage sowie Soft-Delete 90 Tage fehlen. Privacy-Retention und deleted_at allein erfüllen diese getrennten Fristen nicht.";WP-135(S);WP-135;Epic B – Fundament;;
NFR-07;[B];PARTIAL;High;befunde.csv docs/audit/08-frontend-monitoring-nfr-tests.md:60;"Einzelne Accessibility-Merkmale und Desktop-Chromium/Firefox-Konfiguration vorhanden, aber nicht die aktuelle/Vorversions-, Edge-, Safari- und Mobilmatrix. WCAG 2.1 AA nicht durch axe-/vollständige Tastatur-/Browserprüfung belegt; gleiche Ursache wie UI-18.";WP-193(S);WP-193;Epic C – API, Kernfunktionen, UI;;
NFR-08;[B];N/P;–;befunde.csv docs/audit/08-frontend-monitoring-nfr-tests.md:61;"Ausschließlicher Verweis auf fehlenden SEC-11-Originalvertrag; frühere Auditinterpretationen sind keine Ersatznorm. Kein Pentestergebnis erfunden.";;;;E-28;Kein WP: N/P, Klärung über Entscheidung.
NFR-09;[B];FAIL;High;befunde.csv docs/audit/08-frontend-monitoring-nfr-tests.md:62;"Die ausdrücklich verlangte Subprozessoren-Dokumentation fehlt: FAIL für dieses Artefakt. Tatsächliche EU-Residenz bleibt N/P; ein EU-Default im leeren Terraform-Modul beweist keinen Betriebsstandort.";WP-105(S);WP-105;Epic A – Installation und Betrieb;E-35;
NFR-10;[Q];FAIL;High;befunde.csv docs/audit/08-frontend-monitoring-nfr-tests.md:63;Vorgeschriebene Lasttest-/Seed-/Ergebnisartefakte fehlen. FAIL bezeichnet die fehlende Abnahme, nicht einen behaupteten ausgeführten und gescheiterten Lasttest.;WP-203(T) WP-204(T) WP-206(S);WP-206;Lasttest (NFR-10);E-17 E-31 E-34;
NTF-01;[B];FAIL;High;befunde.csv docs/audit/07-api-suche-jobs-lebenszyklus.md:56;Keine `notification_channel`-Tabelle oder Provider-/SMTP-Implementierung mit verschlüsselter Konfiguration und Org-Absender gefunden. Produktion übergibt dem Alert-Evaluator nil und protokolliert dadurch nur, statt E-Mail zu senden (CH24).;WP-137(S);WP-137;Epic B – Fundament;;
NTF-03;[B];FAIL;High;befunde.csv docs/audit/07-api-suche-jobs-lebenszyklus.md:58;Keine Empfängerauflösung für Nutzer/Team/Kontaktrollen/Client-Kontakte sowie keine Ereignisvorlagen, Nachrichten-i18n oder Org-Branding. Wartungsfunktion zählt lediglich Client-IDs und ersetzt keinen Empfängerresolver.;WP-138(S);WP-138;Epic B – Fundament;;
NTF-04;[B];FAIL;High;befunde.csv docs/audit/07-api-suche-jobs-lebenszyklus.md:59;Keine allgemeine `notification_delivery`, Ruhezeiten, Opt-out, Digest oder persistentes UI-Center gefunden. Toasts, Firing-Deduplizierung und Webhook-Retry sind jeweils andere Mechanismen.;WP-139(S);WP-139;Epic B – Fundament;;
NTF-05;"[B]; Zusätze [P2], [P3]";FAIL;High;befunde.csv docs/audit/07-api-suche-jobs-lebenszyklus.md:60;"Alle acht Baseline-Ereignisse fehlen als tatsächliche Benachrichtigungskette (Einzelliste unten). Vorhandener P3-Wartungscode meldet sogar `sent`/`notified` ohne Versand; weitere fehlende P2-/P3-Ereignisse bleiben OFFEN.";WP-063(T) WP-140(S);WP-140;Epic B – Fundament;E-03;
OPS-01;[B];PARTIAL;High;befunde.csv docs/audit/01-installation-stack.md:79;/healthz antwortet statisch 200, keine gezielte Readiness für DB/Extensions/NATS/Redis/S3/SMTP. Teilweise Startprüfung für Schlüssel/DB, aber Redis-Fallback, nur geloggte S3-Fehler und stille Config-Defaults ergeben keine vollständige fail-closed Validierung.;WP-097(S);WP-097;Epic A – Installation und Betrieb;;
OPS-02;"[B]; [P3]; [A]";FAIL;High;befunde.csv docs/audit/01-installation-stack.md:80;"Geforderte unabhängige Betriebsschalter fehlen, mehrere genannte Runner existieren nicht separat. Monitoring/Workflow/IGA-Code ist vorhanden und deshalb mitgeprüft, ebenfalls ohne passende unabhängige Schalter; Details unten.";WP-098(S);WP-098;Epic A – Installation und Betrieb;;
OPS-03;"[B]; [P5]";ABWEICHEND;High;befunde.csv docs/audit/01-installation-stack.md:81;"Overlays/Limits/Prod-HPA existieren, aber Pflicht-Master-Key wird nicht injiziert und skalierte Worker haben die Single-Runner-Lücken aus TEC-14. Terraform enthält nur Platzhalter; GitOps/PG-HA [P5] ohne Implementierung OFFEN.";WP-099(T) WP-131(T);WP-131;Epic B – Fundament;;GitOps/PG-HA [P5] ist OFFEN und nicht Phase 1.
OPS-04;"[B]; [P5]";PARTIAL;High;befunde.csv docs/audit/01-installation-stack.md:82;"Ausführbar ist ein täglicher logischer Dump, nicht die dokumentierte WAL-/Basisbackup-Kette; S3-Versionierung und RPO15min/RTO4h-Nachweis fehlen. [P5] Restore-/Timescale-Code teilweise vorhanden, PITR-Automation/Read-Replicas OFFEN.";WP-100(S) WP-101(T);WP-100;Epic A – Installation und Betrieb;E-29;
OPS-05;[B];ABWEICHEND;High;befunde.csv docs/audit/01-installation-stack.md:83;"HTTP-Metriken/SLO-Datei/Logs bestehen, aber keine vollständige Worker-Fehlersicht und NTF-Alarmierung. PG-Alertzustandsupdates laufen ohne erforderlichen RLS-Kontext; Reservierungs-Sweeper ignoriert Fehler.";WP-022(T) WP-103(S) WP-140(T);WP-103;Epic A – Installation und Betrieb;;
OPS-06;[Q];ABWEICHEND;Critical;befunde.csv docs/audit/01-installation-stack.md:84;Alters-/Größenlimit löscht unzugestellte Spoolnachrichten ohne Dropmeldung/-zähler und liefert Erfolg: Widerspruch zu PRI-10 „kein stiller Datenverlust“. Einzelne Retry-/Timeouttests ersetzen keine Ausfall-/Backpressure-Prüfung aller genannten Dienste.;WP-062(T) WP-104(S);WP-104;Epic A – Installation und Betrieb;;
OVR-01;[B];ABWEICHEND;Critical;befunde.csv docs/audit/05-collector-discovery-reconciliation.md:66;Separate Discovery-/Overridewerte mit Autor/Zeit/Grund vorhanden, normale CI-Sicht aber nicht einheitlich effektiv und Clear synchronisiert sie nicht. Normaler manueller PATCH erzeugt keinen Schutz und kann durch passenden Ingest ohne Freigabe überschrieben werden.;WP-057(T) WP-058(T) WP-060(S);WP-060;M0.1d Overrides, Reconciliation-Schutz, Datenverlust;E-01 E-32;
OVR-02;[B];ABWEICHEND;Critical;befunde.csv docs/audit/05-collector-discovery-reconciliation.md:67;Discovery schützt explizit protected-Felder, Workflow set_ci_field umgeht diesen Schutz über rohes Repository. Kein Beleg pauschaler Asset-/Inventarbewegungen, aber nachgewiesenes stilles Überschreiben manueller/geschützter effektiver CI-Werte.;WP-059(S);WP-059;M0.1d Overrides, Reconciliation-Schutz, Datenverlust;E-01 E-03;
OVR-03;[P2];ABWEICHEND;High;befunde.csv docs/audit/05-collector-discovery-reconciliation.md:68;"Bulkstatus nutzt normale parallele PATCHes ohne neuen Override; gewöhnliche Änderungshistorie existiert. Kein vollständiger geschützter Template-Migrations-/Bulkpropagationsprozess.";WP-221(S);WP-221;M-S – High-Befunde späterer Phasen (nach E-03);E-01 E-03;"Abschluss-WP nach E-03 in die Folgephase verschoben; im G1-Release über WP-214 (m-gates) abgeschaltet."
PRI-07;Grundsatz (ohne Tag);ABWEICHEND;High;befunde.csv docs/audit/05-collector-discovery-reconciliation.md:32;"Cloud-Uploads werden ausgehend initiiert, URLs erlauben jedoch HTTP/beliebige Ports statt festem HTTPS443/NATS-mTLS4222-Vertrag. Verbot SaaS→Kundennetz nicht als allgemeine Egressregel nachgewiesen; lokale Discovery-Probes und lokaler Trapreceiver sind kein Verstoß.";WP-146(S);WP-146;Epic D – Collector und Discovery;E-05;
PRI-11;[B];PARTIAL;Medium;befunde.csv docs/audit/01-installation-stack.md:40;"Referenzmodell und separater On-Prem-Collector sind beschrieben/angelegt; nachgewiesener EU-/Dedicated-Betrieb fehlt. Kein Beleg für Nicht-EU-Hosting, optionales Air-Gap wird nicht negativ gegatet.";WP-105(S);WP-105;Epic A – Installation und Betrieb;E-35;
RBA-01;[B];ABWEICHEND;High;befunde.csv docs/audit/02-mandanten-auth-entitlements.md:54;"Neun geforderte Schlüssel fehlen im SQL-/Go-Katalog; die vorhandenen site:*-Rechte ersetzen die geforderten location:*-Rechte nicht, collector:manage existiert nur als Identity-Konstante. Ähnliche oder ungenutzte Schlüssel erfüllen die exakten Aktionsrechte nicht.";WP-068(S);WP-068;M0.2b Tokens, API-Keys, Rollen, Operator, Entitlements;E-01;
RBA-02;[B];ABWEICHEND;Critical;befunde.csv docs/audit/02-mandanten-auth-entitlements.md:55;"Seed und ausgegebene Session verwenden unterschiedliche Rollenmodelle, engineer/client_technician werden nicht als gleichnamige OIDC-Rollen erkannt; C-Semantik fehlt. Viewer erhält unter anderem credential:read und kann damit den Decrypt-Endpunkt nutzen.";WP-046(S);WP-046;M0.1b Authentisierung und Autorisierung;E-01 E-13;
RBA-03;[B];ABWEICHEND;Critical;befunde.csv docs/audit/02-mandanten-auth-entitlements.md:56;Custom-Rollen und Rechtevereinigung bestehen, EffectivePermissions ignoriert aber Scope-Spalten und Sessionauflösung übernimmt DB-Rollen nicht. Team-Scope und durchgängige Org→NULL-/Mengenvereinigung fehlen, sodass Client-Rollenzuweisung keine verlässliche Begrenzung ergibt.;WP-009(S);WP-009;M0.1a Mandantentrennung (RLS/Scopes, WithTenant);E-01 E-11;
RBA-04;[B];ABWEICHEND;Critical;befunde.csv docs/audit/02-mandanten-auth-entitlements.md:57;"Statisch alle 400 expliziten Operationen gemappt, unbekanntes Mapping wird verweigert; UNMAPPED-Liste leer. Falsche Aktionszuordnung lässt jedoch Viewer entschlüsseln, ci:write löschen und order:write freigeben; Mappingexistenz genügt nicht.";WP-045(S);WP-045;M0.1b Authentisierung und Autorisierung;E-01;
RBA-05;[P2–P4], [A];PARTIAL;High;befunde.csv docs/audit/02-mandanten-auth-entitlements.md:58;"Fast alle genannten Module einschließlich IGA/AI besitzen Code und Rechte, aber Schlüsselmodelle/Aktionszuordnung weichen ab; bestehende Org-Seeds und neue Orgs erhalten nicht durchgängig dieselben Ergänzungen. Contract ohne Modulcode OFFEN, nicht G1-fällig.";WP-214(T);WP-214;M-S – High-Befunde späterer Phasen (nach E-03);E-01 E-03;"Rechte-/Schlüsselmodelle der Spätphasen-Module nach E-03; Contract ohne Modulcode (P2) nicht Phase 1."
RBA-06;[P2];ABWEICHEND;High;befunde.csv docs/audit/02-mandanten-auth-entitlements.md:59;"Spezielle Permissions existieren, werden für verschachtelte Overrides/Instanzattribute/Transitions/Reconciliation-Einstellungen durch erstes Ressourcenpfadsegment umgangen. Beziehungstyp- und Lifecycle-Definitionsverwaltung sind getrennt gemappt; vorhandene P2-Implementierung wird normal bewertet.";WP-045(S);WP-045;M0.1b Authentisierung und Autorisierung;E-01;
RBA-08;[B];PARTIAL;High;befunde.csv docs/audit/02-mandanten-auth-entitlements.md:61;"Team-Unique/Mitglieder bestehen, Service-Accounts mit Rollen/Scopes fehlen; Keys/Webhooks sind nicht gleichwertige Akteure. Subscriptions erhalten volle Ereignisse ohne an einen Service-Account gebundene Objektleserechte.";WP-069(S);WP-069;M0.2b Tokens, API-Keys, Rollen, Operator, Entitlements;E-01;
RCK-01;[B];ABWEICHEND;High;befunde.csv docs/audit/04-ci-netz-rack-beziehungen-impact.md:58;"DB-Constraint schließt both aus; Go überspringt both auf beiden Seiten ebenfalls. Höhenformel stimmt, Fehler ist aber 400 statt 409; keine Sperre für Kompositionskinder.";WP-126(S);WP-126;Epic B – Fundament;E-01;
RCK-02;[B];ABWEICHEND;High;befunde.csv docs/audit/04-ci-netz-rack-beziehungen-impact.md:59;"GET layout und PUT mounts/{ci_id} fehlen; stattdessen GET/POST mounts und PATCH rack-mounts/{id}. Der vorhandene Funktionsersatz hat falschen Routen-/Fehlervertrag.";WP-175(S);WP-175;Epic C – API, Kernfunktionen, UI;E-01;
RCK-03;[B];ABWEICHEND;High;befunde.csv docs/audit/04-ci-netz-rack-beziehungen-impact.md:60;"Umpositionieren und Unmount existieren, schreiben aber nur rack_mount; Standortübernahme nach DB-05 sowie ci_change und Audit fehlen.";WP-078(S);WP-078;M0.2c Kanonisches Datenmodell (DB-05), VLAN/VRF;E-01;
REC-01;[B];FAIL;High;befunde.csv docs/audit/05-collector-discovery-reconciliation.md:52;ingest.>-Konsument mit vollständiger WithTenant-Transaktion, record_id/48h-Idempotenz und serieller Quellzeitordnung pro CI fehlt. Einzelne Repositorytransaktionen und sequenzielle HTTP-Batchschleife ersetzen diesen Vertrag nicht.;WP-085(S);WP-085;M0.2d Ingest und Reconciliation;E-01;
REC-02;[B];ABWEICHEND;High;befunde.csv docs/audit/05-collector-discovery-reconciliation.md:53;"Grobe Folge Serial→UUID→MAC→IP→Hostname vorhanden, geforderte Qualifikationen/Blocklisten/Clientbindung fehlen. Hostname ist Auto-Match statt probable_duplicate mit neuem CI; IP verwendet Typ statt sysObjectID/VRF.";WP-086(S);WP-086;M0.2d Ingest und Reconciliation;E-01 E-20;
REC-03;[B];ABWEICHEND;High;befunde.csv docs/audit/05-collector-discovery-reconciliation.md:54;"Istwerte weichen massiv ab, darunter manual20 und sweep30 statt100/20. import/workflow/integration/nas/override fehlen in der numerischen Tabelle; gemeinsame Automationspriorität und Schutz sind nicht durchgesetzt.";WP-058(S);WP-058;M0.1d Overrides, Reconciliation-Schutz, Datenverlust;E-01 E-32;
REC-04;[P3];ABWEICHEND;High;befunde.csv docs/audit/05-collector-discovery-reconciliation.md:55;"Orgweite SourcePolicy ohne Attributdimension/numerische Automationsränge; manual_override umsortierbar und ungeschützt verdrängbar. Discovery verwendet daneben seine feste Tabelle, nicht diese Policy.";WP-220(S);WP-220;M-S – High-Befunde späterer Phasen (nach E-03);E-01 E-03 E-32;"Abschluss-WP nach E-03 in die Folgephase verschoben; im G1-Release über WP-214 (m-gates) abgeschaltet."
REC-05;[B];ABWEICHEND;High;befunde.csv docs/audit/05-collector-discovery-reconciliation.md:56;"Gleich-/höherrangige Werte gewinnen ohne Quellzeitprüfung, niedrigere nach7Tagen; Vergleich CI-weit statt feldweiser Provenienz. Nur protected-Overrides ausgenommen, abgewiesene Quelle kann trotzdem DiscoverySource herabsetzen.";WP-084(S);WP-084;M0.2d Ingest und Reconciliation;E-01;
REC-06;[B];ABWEICHEND;High;befunde.csv docs/audit/05-collector-discovery-reconciliation.md:57;conflicting_values für Serial/UUID prinzipiell vorhanden. Bei niedrigem Rang wird etwa incoming Serial vor Reviewaufbau durch Altwert ersetzt, sodass der tatsächlich widersprechende Eingangswert verloren gehen kann.;WP-089(S);WP-089;M0.2d Ingest und Reconciliation;E-01;
REC-07;[B];ABWEICHEND;High;befunde.csv docs/audit/05-collector-discovery-reconciliation.md:58;"last_seen_at wird gesetzt, aber als ci_change protokolliert; unknown wird bei Match nicht zu active. Keine Interface-/IP-Entfernung nach drei Fehlbeobachtungen.";WP-090(S);WP-090;M0.2d Ingest und Reconciliation;E-01;
REC-08;[B];ABWEICHEND;High;befunde.csv docs/audit/05-collector-discovery-reconciliation.md:59;"Drei statt zehn Reviewtypen; Aktionen merge/create/dismiss statt merge/new/dismiss/accept. review:resolve, Objekt-/Typ-Deduplizierung, Anlagebenachrichtigung und >14-Tage-Dashboardeskalation fehlen.";WP-088(S);WP-088;M0.2d Ingest und Reconciliation;E-01 E-25;
REC-09;[B];FAIL;High;befunde.csv docs/audit/05-collector-discovery-reconciliation.md:60;Kein Detektor last_seen_at>3×Scopeintervall mit unknown und ci.offline für observable CIs. Agent-Heartbeatreaktivierung betrifft endpoint_agent, nicht diesen CI-Vertrag.;WP-157(S);WP-157;Epic D – Collector und Discovery;E-01;
REC-10;[B];PARTIAL;Medium;befunde.csv docs/audit/05-collector-discovery-reconciliation.md:61;"API besitzt Discoverywert/-quelle/-zeit, Overridegrund und effektiven Wert. UI zeigt Werte/Quelle, nicht vollständige Zeit-/Auswahlbegründung als Tooltip; nicht alle typisierten Felder werden erfasst.";WP-198(S);WP-198;Epic C – API, Kernfunktionen, UI;E-01;
REC-11;[P4];ABWEICHEND;High;befunde.csv docs/audit/05-collector-discovery-reconciliation.md:62;"Agent und Discovery verwenden verschiedene Matcher; Agent verbindet über Name/Hostname statt gemeinsamer starker Identität. Vorhandene ag.CIID wird nicht als stabiles Ziel verwendet, genau ein CI nicht garantiert.";WP-220(S);WP-220;M-S – High-Befunde späterer Phasen (nach E-03);E-01 E-03 E-32;"Abschluss-WP nach E-03 in die Folgephase verschoben; im G1-Release über WP-214 (m-gates) abgeschaltet."
REC-12;[B];PARTIAL;High;befunde.csv docs/audit/05-collector-discovery-reconciliation.md:63;"Discoverywert neben Override aktualisiert, Diverged-Rückgabe aber ignoriert; keine _observed-/override_conflict-Lebenszyklusintegration. Feld-Deduplizierung, accept mit Overrideentfernung und dismiss bis Wertwechsel fehlen.";WP-058(T) WP-089(S);WP-089;M0.2d Ingest und Reconciliation;E-01 E-32;
REL-01;[B];ABWEICHEND;High;befunde.csv docs/audit/04-ci-netz-rack-beziehungen-impact.md:61;"Katalog vorhanden, aber impact_direction/redundant fehlen, Feld-/Kategorievertrag weicht ab; connected_to ist im Seed directed. Strukturschlüssel sind speicherbar statt nur projiziert.";WP-079(T) WP-127(S);WP-127;Epic B – Fundament;E-01 E-18;
REL-02;[B];ABWEICHEND;High;befunde.csv docs/audit/04-ci-netz-rack-beziehungen-impact.md:62;"Interface-Endpunkte, last_confirmed_at, verified_by/at und metadata-Vertrag fehlen; Confidence nur HTTP-seitig begrenzt. UNIQUE ohne Interface-Sentinels deckt (org,source) als führendes Präfix ab; dedizierte Sollindizes, insbesondere (org,target), fehlen.";WP-128(S);WP-128;Epic B – Fundament;E-01;
REL-03;[B];ABWEICHEND;High;befunde.csv docs/audit/04-ci-netz-rack-beziehungen-impact.md:63;"Suppressions werden gelesen, aber Ladefehler deaktivieren die Prüfung; der gespeicherte Typ wird bei Paarbildung ignoriert. Löschpfad erzeugt keine Suppression (REL-04).";WP-160(S);WP-160;Epic D – Collector und Discovery;E-01;
REL-04;[B];ABWEICHEND;High;befunde.csv docs/audit/04-ci-netz-rack-beziehungen-impact.md:64;POST ist standardmäßig manual/verifiziert, DELETE löscht jedoch ohne Herkunfts-/force-Prüfung und ohne Suppression. Dadurch kann Discovery die gerade entfernte Kante erneut erzeugen.;WP-160(S);WP-160;Epic D – Collector und Discovery;E-01;
REL-05;[B];PARTIAL;Medium;befunde.csv docs/audit/04-ci-netz-rack-beziehungen-impact.md:65;"Bestehende Kanten werden von Discovery unverändert belassen; kein Discovery-Löschpfad für manuelle Kanten gefunden. Ohne gezielten Regressionstest und ausgeführten Integrationsnachweis kein PASS.";WP-160(S);WP-160;Epic D – Collector und Discovery;E-01;
REL-08;[B];ABWEICHEND;Medium;befunde.csv docs/audit/04-ci-netz-rack-beziehungen-impact.md:68;"Alle sieben Sollquellen plus zusätzlich rule; Verifikationszustände bestehen, nicht aber vollständige Quellen-Policy/Akteur/Zeit. Discovery legt Confidence in attributes ab und frischt bestehende Kanten bei Wiedersichtung nicht auf.";WP-159(S);WP-159;Epic D – Collector und Discovery;E-01;
REL-09;[P2];PARTIAL;High;befunde.csv docs/audit/04-ci-netz-rack-beziehungen-impact.md:69;Bearbeiten/Verifizieren per PATCH und UI umgesetzt, relationship_change-Vokabular vorhanden. Die Mutationen erzeugen den geforderten Historieneintrag jedoch nicht.;WP-217(S);WP-217;M-S – High-Befunde späterer Phasen (nach E-03);E-01 E-03;"Abschluss-WP nach E-03 in die Folgephase verschoben; im G1-Release über WP-214 (m-gates) abgeschaltet."
REP-01;[B];PARTIAL;High;befunde.csv docs/audit/01-installation-stack.md:66;"Monorepo und fachliche Teiläquivalente existieren, die ausdrücklich geforderten Ergänzungen jedoch nicht; der v2-Bestandteil bleibt N/P. Gleichnamige Funktionen in anderen Paketen sind keine vollständige Erfüllung des Strukturwortlauts.";WP-006(T) WP-118(T) WP-129(T) WP-137(T) WP-213(S);WP-213;Gate G1;E-15 E-27 E-30;v2-Bestandteil N/P (E-02).
SEC-01;[B];ABWEICHEND;Critical;befunde.csv docs/audit/06-audit-sicherheit-events.md:26;"Signatursecret JSON-ausgeschlossen, aber Authheader in Webhook-GET/Liste sichtbar; Credential-/decrypt liefert Klartext. Logger ohne allgemeinen Redaktionshandler, maskDSN schützt nicht alle akzeptierten Passwortformate.";WP-047(S);WP-047;M0.1b Authentisierung und Autorisierung;E-01;
SEC-06;[B];ABWEICHEND;High;befunde.csv docs/audit/06-audit-sicherheit-events.md:28;"Session-JWT nur ein Schlüsselpaar ohne kid/90d-Rotation; kein Master-Rewrapjob/Jahres-DEK-Scheduler/Webhook24h-Overlap/API-Key-Rotationsablauf. Manuelle Org-DEK-Rotation vorhanden, aber nicht atomare Einzelupdates können Credentials unlesbar hinterlassen.";WP-066(T) WP-141(S);WP-141;Epic B – Fundament;E-01 E-15;
SEC-07;[B];FAIL;High;befunde.csv docs/audit/06-audit-sicherheit-events.md:29;Kein /admin-Operatorpfad, keine RETICORA_OPERATOR_TOKEN-Auswertung oder operator_audit gefunden. Gewöhnliche personalisierte OIDC-Sessions ersetzen weder verpflichtende Operator-MFA noch alarmiertes Break-Glass mit eigener Hashkette.;WP-070(S);WP-070;M0.2b Tokens, API-Keys, Rollen, Operator, Entitlements;E-01;
SEC-08;[B];ABWEICHEND;Critical;befunde.csv docs/audit/06-audit-sicherheit-events.md:30;"Webhook-/SCIM-URLs ohne privaten/Link-Local-/Metadaten-/IPv6-Egressfilter oder DNS-Pinning; keine ≤3 erneut geprüften Redirects. Timeout vorhanden, ersetzt Zielprüfung nicht; eigener Importer nicht gefunden.";WP-049(S);WP-049;M0.1b Authentisierung und Autorisierung;E-01;
SEC-10;[B];PARTIAL;High;befunde.csv docs/audit/06-audit-sicherheit-events.md:31;"Einfacher Root-Feldparser ohne Tiefe10/Komplexitätsbudget oder 10s-Ausführungsdeadline; begrenzte Ergebnislisten ersetzen das nicht. Introspection generell unsupported, kein Beleg ungeschützter Introspection. K3: PARTIAL/High bleibt für die allgemeine Schutzlücke des Quellberichts erhalten. Numerische Tiefen-/Kostenlimits und insbesondere Tiefe10/10s sind mangels SEC-10-Originalwortlaut N/P-Unterprüfungen, keine bestätigten Pflichtgrenzwerte; Tag/Phase bleiben unbekannt.";WP-184(S);WP-184;Epic C – API, Kernfunktionen, UI;E-01 E-16;
SEC-11;[Q];PARTIAL;High;befunde.csv docs/audit/06-audit-sicherheit-events.md:32;"npm ci führt tatsächlich einen impliziten Dependency-Audit aus, kein vollständiges Fehlen jeder Prüfung. Expliziter Go-Abhängigkeitsscan und Container-Vulnerability-Scan fehlen; Healthchecks/Lint/Build sind keine Ersatzscans.";WP-004(T) WP-209(T);WP-209;Sicherheitsreview;E-01 E-31;
SEQ-01;[Q];N/P;–;befunde.csv docs/audit/08-frontend-monitoring-nfr-tests.md:71;Roadmap dokumentiert, tatsächliche Umsetzungs-/Freigabereihenfolge nicht feststellbar. Vorhandene spätere Moduldateien allein beweisen keinen Reihenfolgeverstoß.;WP-213(S);WP-213;Gate G1;E-15 E-27 E-30;
SIM-01;"[B]; Teilumfang [P2]";ABWEICHEND;High;befunde.csv docs/audit/08-frontend-monitoring-nfr-tests.md:64;"Default-Org, anderer Demo-Login und Audit-Restore-Seed vorhanden, nicht der geforderte Zwei-Org-/Client-/40-CI-/2.000-Metriken-Datensatz mit Beziehungen, Scopes, Reviews, Webhook und VRF. make seed maskiert die fehlende Datei; 10.000-Objekt-Skalierungsseed fehlt.";WP-106(T) WP-203(T);WP-203;Lasttest (NFR-10);E-17 E-34;Teilumfang [P2] nicht Phase 1.
SIM-02;[B];FAIL;High;befunde.csv docs/audit/08-frontend-monitoring-nfr-tests.md:65;"RETICORA_SIMULATE wird nicht ausgewertet; kein deterministischer 30-Geräte-Generator am echten Ingest-Pfad nachgewiesen.";WP-162(S);WP-162;Epic D – Collector und Discovery;;
SRC-01;[B];ABWEICHEND;Critical;befunde.csv docs/audit/07-api-suche-jobs-lebenszyklus.md:39;"FTS existiert, aber Index/Abfrage erzwingen nur Org und Ressourcenrecht statt Client-/Site-/Team-/Feldgrenzen. Locations scheitern am Entity-CHECK beziehungsweise fehlender Trefferpermission; Kontakte werden nur beim Reindex aufgenommen, laufende Indexierung ist nur für CIs verdrahtet.";WP-025(T) WP-032(T) WP-186(T);WP-186;Epic C – API, Kernfunktionen, UI;;
SRC-03;"[P2]; Textsyntax [O]";ABWEICHEND;Critical;befunde.csv docs/audit/07-api-suche-jobs-lebenszyklus.md:41;Flaches AND-Objekt statt AND/OR/NOT-Vergleichs-AST und kein Klick-Builder (CH18). Der vorhandene Suchpfad setzt nur Org und prüft bei frei wählbarem Entity-Kind nicht dessen Leserecht oder den Client-Scope.;WP-034(T) WP-187(T) WP-236(T);WP-236;M-S – High-Befunde späterer Phasen (nach E-03);E-03;"Textsyntax [O] nicht geplant; Klick-Builder [P2] in M-S. Abschluss-WP nach E-03 in die Folgephase verschoben; im G1-Release über WP-214 (m-gates) abgeschaltet."
SRC-04;[P2];ABWEICHEND;Critical;befunde.csv docs/audit/07-api-suche-jobs-lebenszyklus.md:42;"Beziehungssuche ist implementiert, aber rekursive Up-/Downstream-CTEs begrenzen die Tiefe nicht auf 5. Der Query-Pfad überträgt keinen Client-/Site-/Team-Scope; dies ist ein Fehler vorhandenen Codes, nicht bloß eine spätere fehlende Funktion.";WP-034(S);WP-034;M0.1a Mandantentrennung (RLS/Scopes, WithTenant);;
STK-01;[P2];PARTIAL;High;befunde.csv docs/audit/09-module-phase2plus.md:36;"Ein-/Ausgang wird transaktional mit Zeilensperre gebucht; Mindestbestand ist im UI markiert. Tatsächliche Mindestbestandsbenachrichtigung nach NTF-05 fehlt; Warnfarbe ist kein Versand.";WP-225(S);WP-225;M-S – High-Befunde späterer Phasen (nach E-03);E-03;"Abschluss-WP nach E-03 in die Folgephase verschoben; im G1-Release über WP-214 (m-gates) abgeschaltet."
STK-02;[P2];ABWEICHEND;High;befunde.csv docs/audit/09-module-phase2plus.md:37;Standortbaum vorhanden, Bestand aber global je Artikel mit einem Standort statt pro Bin. Transfer behandelt Menge als Abgang vom Gesamtbestand statt ortsbezogener Umbuchung.;WP-225(S);WP-225;M-S – High-Befunde späterer Phasen (nach E-03);E-03;"Abschluss-WP nach E-03 in die Folgephase verschoben; im G1-Release über WP-214 (m-gates) abgeschaltet."
STK-03;[P2];ABWEICHEND;High;befunde.csv docs/audit/09-module-phase2plus.md:38;"Mengenartikel werden nicht zu CIs; negative Anfangs-/Folgebestände und Überreservierung bleiben jedoch möglich. CHECK und atomare Verfügbarkeitsprüfung fehlen, Reservation und Release als Bewegung vermindern beide den Bestand.";WP-225(S);WP-225;M-S – High-Befunde späterer Phasen (nach E-03);E-03;"Abschluss-WP nach E-03 in die Folgephase verschoben; im G1-Release über WP-214 (m-gates) abgeschaltet."
STK-04;[P2];ABWEICHEND;High;befunde.csv docs/audit/09-module-phase2plus.md:39;"Nur asset_movement ist append-only; stock_movement bleibt veränderbar und kaskadiert beim Consumable-Löschen. Einheitliche Typ-/Objekt-/Mengen-/Standort-/Akteur-/Grundsemantik fehlt; exklusiver Vaultentwurf aus CH16(V) allein kein Pflichtdefekt.";WP-224(S);WP-224;M-S – High-Befunde späterer Phasen (nach E-03);E-03;"Abschluss-WP nach E-03 in die Folgephase verschoben; im G1-Release über WP-214 (m-gates) abgeschaltet."
STK-05;[P2];ABWEICHEND;High;befunde.csv docs/audit/09-module-phase2plus.md:40;"Genehmigungsstatus ohne belastbare Übergangsprüfung; bereits Hinzufügen einer Position erzeugt receipt. Consumable-ID wird als QuantityItem-ID verwendet und Bewegungsfehler werden ignoriert.";WP-226(S);WP-226;M-S – High-Befunde späterer Phasen (nach E-03);E-03;"Abschluss-WP nach E-03 in die Folgephase verschoben; im G1-Release über WP-214 (m-gates) abgeschaltet."
TEC-06;"[B]; [Q] Spike";ABWEICHEND;Critical;befunde.csv docs/audit/01-installation-stack.md:59;"PG16 und drei Extensions bestehen ohne AGE, aber ltree fehlt; Metriken/Continuous Aggregate haben weder RLS/FORCE noch Security-Barrier-Fallback, obwohl die App-Rolle Zugriff erhält (PRI-10).";WP-026(T) WP-039(T) WP-040(S);WP-040;M0.1a Mandantentrennung (RLS/Scopes, WithTenant);E-19;
TEC-09;[B];ABWEICHEND;High;befunde.csv docs/audit/01-installation-stack.md:60;Installer, Nginx, Keycloak und TLS-Bausteine existieren, aber Default-HTTP-/ACME-Pfade widersprechen dem geforderten funktionsfähigen Installationsweg. Ziel-OS-/Docker-Versionsnachweis und Sizing-Tabelle fehlen, siehe INS-01/03/07.;WP-092(T) WP-093(T) WP-094(T);WP-094;Epic A – Installation und Betrieb;E-17 E-27;
TEC-12;[P5];ABWEICHEND;Critical;befunde.csv docs/audit/01-installation-stack.md:61;OpenSearch ist bereits implementiert und wird normal geprüft: Org-Filter und Entitätstyp-Permissions ersetzen keine Client-/Site-/Feldrechte (CH11/CH25, PRI-10). Umschaltmessung und VictoriaMetrics sind nicht belegt.;WP-027(T) WP-033(S);WP-033;M0.1a Mandantentrennung (RLS/Scopes, WithTenant);E-03 E-09;
TEC-13;[B];FAIL;High;befunde.csv docs/audit/01-installation-stack.md:62;"SMTP-Zustellung und kanalübergreifende Provider-Abstraktion fehlen; der verdrahtete Notifier loggt nur (CH24). SMS/Pager-Auslieferung [P3] ohne Code OFFEN, nicht zusätzlich G1-fällig.";WP-137(S);WP-137;Epic B – Fundament;;
TEC-14;[B];ABWEICHEND;High;befunde.csv docs/audit/01-installation-stack.md:63;"Einzelarbeiter ersetzen kein gemeinsames Jobframework/Scheduler mit Single-Runner; Webhook-Erstversand kann den parallelen Retry-Claim umgehen, Export-Claims bleiben nach Crash auf running. Audit-Advisory-Lock schützt nur Audit-Schreiben, kein Scheduler-Leader.";WP-130(S);WP-130;Epic B – Fundament;;
TEC-15;[B];ABWEICHEND;High;befunde.csv docs/audit/01-installation-stack.md:64;"Kein cosign-/Sigstore-/SBOM-Releaseprozess gefunden; der vorhandene Updater ersetzt Binärdateien mit lediglich optionaler Prüfsumme statt verpflichtender Signaturprüfung. Eine produktive Verdrahtung des Updaters wird nicht behauptet.";WP-102(S);WP-102;Epic A – Installation und Betrieb;E-31;
TEN-01;[B], Reseller [P4];PARTIAL;Medium;befunde.csv docs/audit/02-mandanten-auth-entitlements.md:34;Org/Client/klassische Standorthierarchie, Location-Baum und Assetbezug bestehen, aber durchgängige einheitliche Hierarchie mit Scopewirkung ist nicht nachgewiesen. Reseller fehlt als späterer Teil (TEN-08), vorhandene doppelte Standortstrukturen erfordern Konsolidierung.;WP-107(T) WP-109(S);WP-109;Epic B – Fundament;E-01;
TEN-02;[B];ABWEICHEND;Critical;befunde.csv docs/audit/02-mandanten-auth-entitlements.md:35;"Fünf Tabellen ohne eigene Org-Spalte und fünf nullable, darunter globale Kataloge/Org-Wurzel gesondert zu klären; Standort-/Kindtabellen tragen Client/Site nicht durchgängig denormalisiert. Daraus folgende fehlende Client-/Site-WITH-CHECK-Schranken werden einzeln als Critical geführt, nicht globale Metadaten pauschal als Tenant-Leak.";WP-024(T) WP-025(T) WP-026(T);WP-026;M0.1a Mandantentrennung (RLS/Scopes, WithTenant);E-01 E-10 E-19;
TEN-03;[B];PARTIAL;High;befunde.csv docs/audit/02-mandanten-auth-entitlements.md:36;"SET ROLE und NOSUPERUSER/NOBYPASSRLS werden geprüft; explizite Grants liefern USAGE/DML statt vollständigem CH19-DDL-Vertrag. Effektive geerbte Rechte/Eigentümerschaft sind nicht live belegt, FORCE wird nur für bereits RLS-aktivierte Tabellen gesetzt.";WP-007(T) WP-064(S);WP-064;M0.2a DB-Rollenvertrag und RLS-Matrix;E-01;
TEN-04;[B];ABWEICHEND;Critical;befunde.csv docs/audit/02-mandanten-auth-entitlements.md:37;"Produktive Helfer setzen Org und teils einen Client-Scope-String lokal, nicht alle fünf verlangten GUCs pro Request; SQL unterstützt Clientmengen, deren autoritative Ableitung fehlt aber schon in Sessions. Kein produktiver sessionsweiter Tenant-Setter gefunden, aber fehlende Scopes bedeuten org-weiten Zugriff.";WP-008(S) WP-009(T) WP-027(T);WP-008;M0.1a Mandantentrennung (RLS/Scopes, WithTenant);E-01 E-08 E-09 E-11;
TEN-05;[B];ABWEICHEND;Critical;befunde.csv docs/audit/02-mandanten-auth-entitlements.md:38;"Nur sieben Tabellen prüfen Client, neun weitere mit client_id nicht; Site/Team fehlen, metric_sample hat keine RLS. WITH CHECK erlaubt auch gescopten Schreibern NULL-Client, Systemausnahmen sind ebenfalls schreibfähig; jede fehlende Client-/Site-Schreibschranke ist Critical.";WP-007(T) WP-022(T) WP-023(T) WP-024(T) WP-025(T) WP-027(T) WP-029(T);WP-029;M0.1a Mandantentrennung (RLS/Scopes, WithTenant);E-01 E-03 E-09 E-10 E-11;
TEN-06;[B];ABWEICHEND;Critical;befunde.csv docs/audit/02-mandanten-auth-entitlements.md:39;"Drei zentrale WithTenant-Varianten werden produktiv nicht aufgerufen; 46 private Helfer und weitere Poolpfade liefern inkonsistenten Kontext statt zentraler Request-/Tenanttransaktion. Worker nutzen teils app.system global statt Mandanteniteration, Exporte/Suche/Lifecycle verlieren Scopes; Dokumentdownloads haben zusätzlich Cross-Org-Blobzugriff.";WP-008(T) WP-010(T) WP-011(T) WP-012(T) WP-013(T) WP-014(T) WP-015(T) WP-016(T) WP-017(T) WP-018(T) WP-019(T) WP-020(T) WP-021(T) WP-022(T) WP-030(T) WP-035(T) WP-041(S);WP-041;M0.1a Mandantentrennung (RLS/Scopes, WithTenant);E-01 E-03 E-08;
TEN-09;[Q];PARTIAL;High;befunde.csv docs/audit/02-mandanten-auth-entitlements.md:42;"Repräsentative Org-/Client-Reads und INSERT-Abweisung bestehen als Tests, keine vollständige Site-/Team-/NULL-Schreib-/Job-/Notification-/Review-/Location-Abdeckung. v2-Restumfang fehlt; gefundene tatsächliche Expositionspfade bleiben Critical, auch wenn Testlücke hier High ist.";WP-007(T) WP-065(T) WP-208(S);WP-208;Sicherheitsreview;E-01;
TEN-10;[B];FAIL;High;befunde.csv docs/audit/02-mandanten-auth-entitlements.md:43;VRF-Modell, Org-Unique(name), is_default/global bei Org-Anlage sowie CRUD/vrf:manage fehlen. Bestehende Org+CIDR-/Adress-Eindeutigkeit ohne VRF erfüllt CH10 nicht.;WP-082(S);WP-082;M0.2c Kanonisches Datenmodell (DB-05), VLAN/VRF;E-01;
TKT-01;"[P2]; Pro [P4]; Monitoring/Findings/Automationen [P3]";ABWEICHEND;Critical;befunde.csv docs/audit/09-module-phase2plus.md:56;"Status/Priorität/Assignee/CI-/Asset-Bezug, Kommentare und SLA-Anbindung vorhanden; Ticket-/Kommentarzugriff erzwingt nur Org trotz Team-/Objektbezug. Vollständige Essential-/Standard-/Pro-Abgrenzung und Erzeugung aus allen geforderten Quellen nicht nachgewiesen.";WP-020(T) WP-028(T) WP-029(T);WP-029;M0.1a Mandantentrennung (RLS/Scopes, WithTenant);E-03 E-11;Essential-/Standard-/Pro-Abgrenzung und Ticketerzeugung aus allen Quellen gehören zu P2–P4.
TKT-02;[P2];ABWEICHEND;High;befunde.csv docs/audit/09-module-phase2plus.md:57;"Geschäftsstunden sind fest Mo–Fr 08–18 UTC ohne Feiertage, nicht Client-/Org-Kalender und -Zeitzone. Automatische PG-SLA-Wahl übergibt leere Client-ID; vorhandene Wochenendtests bestätigen nur den vereinfachten Istvertrag.";WP-229(S);WP-229;M-S – High-Befunde späterer Phasen (nach E-03);E-03;"Abschluss-WP nach E-03 in die Folgephase verschoben; im G1-Release über WP-214 (m-gates) abgeschaltet."
TLC-01;[B];FAIL;High;befunde.csv docs/audit/07-api-suche-jobs-lebenszyklus.md:49;Nur Login in bestehende Org und User-Provisionierung (Default `viewer`), kein Self-Signup. Org-/Slug-/Default-VRF-/erstes-org_admin-/Trial-/operator_audit-Kette, Verifikation, Captcha, Pre-Auth-Limit und Wegwerf-Domain-Blocklist fehlen.;WP-111(T) WP-112(T);WP-112;Epic B – Fundament;E-33;
TLC-02;"[B]; Reseller [P4]";FAIL;High;befunde.csv docs/audit/07-api-suche-jobs-lebenszyklus.md:50;"Kein produktiver Operator-Org-Anlagepfad mit Plan/Limits gefunden; Entitlement-Grant verändert nur eine bestehende Org. Reseller-Anlage mangels Code OFFEN, keine zusätzliche G1-Strafe.";WP-113(S);WP-113;Epic B – Fundament;;
TLC-03;[B];PARTIAL;High;befunde.csv docs/audit/07-api-suche-jobs-lebenszyklus.md:51;Tabelle mit Rolle, einfachem Scope, Hash und Ablauf-/Annahmezeit vorhanden, aber keine Ausgabe-/Annahme-/Erneuerungslogik. Sieben Tage, atomare Einmaligkeit und User-Anlage samt vordefinierter Rolle/Scope werden nicht durchgesetzt.;WP-114(S);WP-114;Epic B – Fundament;;
TLC-04;[B];ABWEICHEND;Critical;befunde.csv docs/audit/07-api-suche-jobs-lebenszyklus.md:52;"Deaktivierung ändert nur `is_active`; Sessions/Refresh prüfen den Status nicht, API-Keys werden nicht gekoppelt widerrufen und erneuter Login setzt aktiv wieder auf true. Keine Refresh-Cookies oder Owner-offen-/Übergaberegel beim direkten Löschen; einzelne FKs sind kein fachlicher Ersatz.";WP-042(S);WP-042;M0.1b Authentisierung und Autorisierung;;
TOP-01;[B];ABWEICHEND;High;befunde.csv docs/audit/05-collector-discovery-reconciliation.md:64;"Defaultconfidence0,5 auch LLDP statt1,0, kein FDB0,6-nur-ohne-LLDP oder >4MAC-Trunkfilter. Unbekannte Keys werden connected_to; Confidence in attributes statt dedizierter Spalte.";WP-158(S);WP-158;Epic D – Collector und Discovery;E-01;
TOP-02;[B];ABWEICHEND;High;befunde.csv docs/audit/05-collector-discovery-reconciliation.md:65;"Paarbasierte Suppression vorhanden; Wiederbeobachtung erneuert bestehende Kante/last_seen_at nicht. Cleanup nach max(7Tage,5×Scopeintervall) mit Event fehlt.";WP-159(S);WP-159;Epic D – Collector und Discovery;E-01;
TST-01;"[B]; Teilumfang [P2]";ABWEICHEND;High;befunde.csv docs/audit/08-frontend-monitoring-nfr-tests.md:66;"Pflichtfälle zu Blocklists, observed_at-Ordering, override_conflict, Resurrect, FDB/Trunk, Outbox und gemeinsamer Regel-AST fehlen; vorhandener Hostname-Match-Test stützt nicht den belastbaren Identitätsbeweis nach PRI-10. Face-aware Rack nur Memory; spätere Vererbungs-/Template-/Feldrechtematrix unvollständig.";WP-202(S);WP-202;Epic C – API, Kernfunktionen, UI;;
TST-02;[B];PARTIAL;High;befunde.csv docs/audit/08-frontend-monitoring-nfr-tests.md:67;Site-/Team-/Mehrfachscope- und vollständige Schreibmatrix fehlen. Kein vollständiger echter Ingest→Webhook-, Zertifikatserneuerungs-, Mehrfachimpact-, Lizenzablauf/unlicensed_ci-, Offline-, Single-Runner-, SMTP- oder Laufzeit-DDL-Nachweis.;WP-003(T) WP-065(T) WP-208(S);WP-208;Sicherheitsreview;;
TST-03;"[B]; Teilumfang [P2]";PARTIAL;High;befunde.csv docs/audit/08-frontend-monitoring-nfr-tests.md:68;Signup, CI, Review, Drag/Undo, Topologie, Export, Palette, Onboarding und P2-Browserabläufe fehlen als Tests. Chromium-only CI-Konfiguration ist keine vollständige Browser-/Produktabnahme.;WP-200(T) WP-201(T);WP-201;Epic C – API, Kernfunktionen, UI;;P2-Browserabläufe nicht Phase 1.
TST-04;[Q];ABWEICHEND;High;befunde.csv docs/audit/08-frontend-monitoring-nfr-tests.md:69;pgx-/Handler-/Vitest-Tests und Actions existieren, doch golangci v2 verwirft die vorhandene Konfiguration und Frontend stoppt vor Tests/Build. Dependency-Scans, vollständige DB-Testauswahl und Collector-/Edgecore-Abdeckung in CI fehlen zusätzlich.;WP-001(T) WP-002(T) WP-003(T) WP-004(S);WP-004;M0.0 Werkzeugkette und Prüfrahmen;E-31;
UI-01;[B];PARTIAL;Medium;befunde.csv docs/audit/08-frontend-monitoring-nfr-tests.md:36;"Gemeinsame ausdrücklich genannte UI-Bausteine teilweise vorhanden, Scope-Bedienung und vollständige Tastatur-/Funktionsabnahme fehlen. Individueller Vertrag N/P: v2-Text fehlt; keine erfundene Funktionszuordnung zu dieser ID.";WP-191(T) WP-192(T);WP-192;Epic C – API, Kernfunktionen, UI;E-02;Individueller Vertrag N/P (E-02).
UI-02;[B];PARTIAL;Medium;befunde.csv docs/audit/08-frontend-monitoring-nfr-tests.md:37;"Gemeinsame ausdrücklich genannte UI-Bausteine teilweise vorhanden, Scope-Bedienung und vollständige Tastatur-/Funktionsabnahme fehlen. Individueller Vertrag N/P: v2-Text fehlt; keine erfundene Funktionszuordnung zu dieser ID.";WP-191(T) WP-192(T);WP-192;Epic C – API, Kernfunktionen, UI;E-02;Individueller Vertrag N/P (E-02).
UI-03;[B];PARTIAL;Medium;befunde.csv docs/audit/08-frontend-monitoring-nfr-tests.md:38;"Gemeinsame ausdrücklich genannte UI-Bausteine teilweise vorhanden, Scope-Bedienung und vollständige Tastatur-/Funktionsabnahme fehlen. Individueller Vertrag N/P: v2-Text fehlt; keine erfundene Funktionszuordnung zu dieser ID.";WP-191(T) WP-192(T);WP-192;Epic C – API, Kernfunktionen, UI;E-02;Individueller Vertrag N/P (E-02).
UI-04;[B];PARTIAL;Medium;befunde.csv docs/audit/08-frontend-monitoring-nfr-tests.md:39;"Gemeinsame ausdrücklich genannte UI-Bausteine teilweise vorhanden, Scope-Bedienung und vollständige Tastatur-/Funktionsabnahme fehlen. Individueller Vertrag N/P: v2-Text fehlt; keine erfundene Funktionszuordnung zu dieser ID.";WP-191(T) WP-192(T);WP-192;Epic C – API, Kernfunktionen, UI;E-02;Individueller Vertrag N/P (E-02).
UI-05;[B];PARTIAL;Medium;befunde.csv docs/audit/08-frontend-monitoring-nfr-tests.md:40;"Gemeinsame ausdrücklich genannte UI-Bausteine teilweise vorhanden, Scope-Bedienung und vollständige Tastatur-/Funktionsabnahme fehlen. Individueller Vertrag N/P: v2-Text fehlt; keine erfundene Funktionszuordnung zu dieser ID.";WP-191(T) WP-192(T);WP-192;Epic C – API, Kernfunktionen, UI;E-02;Individueller Vertrag N/P (E-02).
UI-06;[B];PARTIAL;High;befunde.csv docs/audit/08-frontend-monitoring-nfr-tests.md:41;Explizite Ergänzung nicht erfüllt: sofortiges Laden ohne Startdialog/Standort-/Typauswahl bei mehr als 2.000 Knoten, Simulation mit genau einer Ausfall-ID. Gemeinsame UI-Basis teilweise vorhanden, individueller v2-Rest N/P.;WP-195(S);WP-195;Epic C – API, Kernfunktionen, UI;E-02;
UI-07;[B];PARTIAL;Medium;befunde.csv docs/audit/08-frontend-monitoring-nfr-tests.md:42;"Gemeinsame ausdrücklich genannte UI-Bausteine teilweise vorhanden, Scope-Bedienung und vollständige Tastatur-/Funktionsabnahme fehlen. Individueller Vertrag N/P: v2-Text fehlt; keine erfundene Funktionszuordnung zu dieser ID.";WP-191(T) WP-192(T);WP-192;Epic C – API, Kernfunktionen, UI;E-02;Individueller Vertrag N/P (E-02).
UI-08;[B];PARTIAL;Medium;befunde.csv docs/audit/08-frontend-monitoring-nfr-tests.md:43;"Gemeinsame ausdrücklich genannte UI-Bausteine teilweise vorhanden, Scope-Bedienung und vollständige Tastatur-/Funktionsabnahme fehlen. Individueller Vertrag N/P: v2-Text fehlt; keine erfundene Funktionszuordnung zu dieser ID.";WP-191(T) WP-192(T);WP-192;Epic C – API, Kernfunktionen, UI;E-02;Individueller Vertrag N/P (E-02).
UI-09;[B];PARTIAL;Medium;befunde.csv docs/audit/08-frontend-monitoring-nfr-tests.md:44;"Gemeinsame ausdrücklich genannte UI-Bausteine teilweise vorhanden, Scope-Bedienung und vollständige Tastatur-/Funktionsabnahme fehlen. Individueller Vertrag N/P: v2-Text fehlt; keine erfundene Funktionszuordnung zu dieser ID.";WP-191(T) WP-192(T);WP-192;Epic C – API, Kernfunktionen, UI;E-02;Individueller Vertrag N/P (E-02).
UI-10;[B];PARTIAL;Medium;befunde.csv docs/audit/08-frontend-monitoring-nfr-tests.md:45;"Gemeinsame ausdrücklich genannte UI-Bausteine teilweise vorhanden, Scope-Bedienung und vollständige Tastatur-/Funktionsabnahme fehlen. Individueller Vertrag N/P: v2-Text fehlt; keine erfundene Funktionszuordnung zu dieser ID.";WP-191(T) WP-192(T);WP-192;Epic C – API, Kernfunktionen, UI;E-02;Individueller Vertrag N/P (E-02).
UI-11;[P2];PARTIAL;High;befunde.csv docs/audit/08-frontend-monitoring-nfr-tests.md:46;Typ-/Feld-CRUD, Vorlageninstanziierung und Formularausfüllung vorhanden. Vererbung/Sets, Regel-Klick-Builder, Form Builder mit Preview/Draft/Publish, Import-Mapping und Indexstatus fehlen.;WP-236(S);WP-236;M-S – High-Befunde späterer Phasen (nach E-03);E-03;"Abschluss-WP nach E-03 in die Folgephase verschoben; im G1-Release über WP-214 (m-gates) abgeschaltet."
UI-13;[P4];PARTIAL;High;befunde.csv docs/audit/08-frontend-monitoring-nfr-tests.md:48;"Rollen-Widgetauswahl, einfache Standortkarte und Raumpositionen vorhanden. Mobile Scan/GPS/Signatur, Offline-Feldmerge/Konfliktliste sowie Heatmaps fehlen; daraus wird kein bereits geschehener Datenverlust abgeleitet.";WP-237(S);WP-237;M-S – High-Befunde späterer Phasen (nach E-03);E-02 E-03;"Abschluss-WP nach E-03 in die Folgephase verschoben; im G1-Release über WP-214 (m-gates) abgeschaltet."
UI-14;[P2–P4, A];PARTIAL;High;befunde.csv docs/audit/08-frontend-monitoring-nfr-tests.md:49;"Breite Moduloberflächen und Antragsfreigaben vorhanden, keine Vollständigkeit aller jeweiligen Phasenmodule. IGA listet Review-Kampagnen ohne Itementscheidungen; Antragsanlage/Self-Service-Portal fehlen.";WP-237(S);WP-237;M-S – High-Befunde späterer Phasen (nach E-03);E-02 E-03;"Abschluss-WP nach E-03 in die Folgephase verschoben; im G1-Release über WP-214 (m-gates) abgeschaltet."
UI-15;[P2];PARTIAL;High;befunde.csv docs/audit/08-frontend-monitoring-nfr-tests.md:50;Alltagsaktionen teilweise bedienbar, verlangen jedoch technische Objekt-/Location-/User-IDs. Reservierungsanlage und Objekthistorie bleiben ungenutzte Hooks, Inventur bietet keinen Scanablauf.;WP-235(S);WP-235;M-S – High-Befunde späterer Phasen (nach E-03);E-03;"Abschluss-WP nach E-03 in die Folgephase verschoben; im G1-Release über WP-214 (m-gates) abgeschaltet."
UI-16;[B];FAIL;High;befunde.csv docs/audit/08-frontend-monitoring-nfr-tests.md:51;"Review-Inbox mit Diff/Einzel-/Bulk-Auflösung und Benachrichtigungscenter fehlen; Routen und ungenutzter Konflikthook ersetzen keine Oberfläche. Exportjoblisting vorhanden, kein übergreifendes Jobcenter.";WP-196(T) WP-197(T);WP-197;Epic C – API, Kernfunktionen, UI;;
UI-17;[B];PARTIAL;High;befunde.csv docs/audit/08-frontend-monitoring-nfr-tests.md:52;Login und Enrollment-Code-Aufruf vorhanden, nicht aber Registrierung→Verifikation→Scope-Bestätigung→erste CIs als zusammenhängender Flow mit Fortschritt.;WP-199(S);WP-199;Epic C – API, Kernfunktionen, UI;;
UI-18;[B];PARTIAL;High;befunde.csv docs/audit/08-frontend-monitoring-nfr-tests.md:53;Nur Desktop-Chromium/Firefox konfiguriert, WCAG-AA nicht belegt und Raumpositionierung nur per Drag-and-drop. Kataloge vollständig zueinander, aber Metamodellbeschriftungen einzelne Strings statt Sprachmaps.;WP-193(T) WP-194(T);WP-194;Epic C – API, Kernfunktionen, UI;;
VIE-01;[B];ABWEICHEND;Medium;befunde.csv docs/audit/07-api-suche-jobs-lebenszyklus.md:43;Eigene Tabelle vorhanden, aber `sort`, `columns`, `shared_with_roles` und echtes Filter-AST fehlen (`shared`/`filter_spec` sind Teilentsprechungen). Liste filtert Owner/Sharing, direkter GET privater Views dagegen nur Org/ID.;WP-188(S);WP-188;Epic C – API, Kernfunktionen, UI;;
WFL-01;[P3];ABWEICHEND;Critical;befunde.csv docs/audit/09-module-phase2plus.md:65;"Definitionen/Einreichungen vorhanden, jedoch Schema überschreibbar ohne Version/Snapshotbindung; gemeinsame MET-45-Bedingungslogik fehlt. form_def.client_id wird nicht als RLS-Scope erzwungen, beide Klauseln nur Org.";WP-021(T) WP-023(T) WP-231(T);WP-231;M-S – High-Befunde späterer Phasen (nach E-03);E-02 E-03 E-09;"Rest nach E-03 (M-S). Abschluss-WP nach E-03 in die Folgephase verschoben; im G1-Release über WP-214 (m-gates) abgeschaltet."
WFL-02;[P3];ABWEICHEND;Critical;befunde.csv docs/audit/09-module-phase2plus.md:66;"Synchroner HTTP-Executor statt dauerhaften Event-/Zeitplan-Retries; set_ci_field ohne workflow-Provenienz/Rang92/Overrideprüfung und CI-Serialisierung. Notificationaktion fehlt, submit_form verwendet ungültige Akteur-UUID workflow; RLS nur Org.";WP-059(T) WP-231(T);WP-231;M-S – High-Befunde späterer Phasen (nach E-03);E-02 E-03;"Rest nach E-03 (M-S). Abschluss-WP nach E-03 in die Folgephase verschoben; im G1-Release über WP-214 (m-gates) abgeschaltet."
WFL-04;"[P3]; delegierte Inventur [P4]; IGA [A]";ABWEICHEND;High;befunde.csv docs/audit/09-module-phase2plus.md:68;"Freigabe- und Signaturbausteine bestehen, aber vollständige Übergabe-/Bestell-/Wartungs-/IGA-Workflowketten fehlen. IGA speichert bei passender Definition deren ID als workflow_run_id statt einen Run zu starten; FK-Vertrag falsch, delegierte P4-Inventur weiterhin OFFEN.";WP-231(S);WP-231;M-S – High-Befunde späterer Phasen (nach E-03);E-02 E-03;"Abschluss-WP nach E-03 in die Folgephase verschoben; im G1-Release über WP-214 (m-gates) abgeschaltet."
